Tran Date,Value Date,Transaction Particulars,Chq No,Debit,Credit,Balance
03-01-2023,03-01-2023,NEFT/CR/649847805577/PAYROLL,328271981949,,61250.0,198635.0
03-01-2023,03-01-2023,ATM WDL/9963/WHITEFIELD,508459310067,49.0,,198586.0
03-01-2023,03-01-2023,ATM WDL/5208/MARATHAHALLI,992265068937,310.0,,198276.0
04-01-2023,04-01-2023,POS/0047/ZOMATO/HYDERABAD,840405446011,310.0,,197966.0
04-01-2023,04-01-2023,POS/1175/OLA/MARATHAHALLI,598672333183,79.0,,197887.0
05-01-2023,05-01-2023,IMPS/P2A/420372565688/PREETHIIYER/AXIS,420372565688,,500.0,198387.0
05-01-2023,05-01-2023,IMPS/P2A/029995377844/SUNITADEVI/AXIS,029995377844,,4800.0,203187.0
05-01-2023,05-01-2023,POS/3461/APOLLO PHARMACY/SECUNDERABAD,099128543547,249.0,,202938.0
05-01-2023,05-01-2023,UPI/P2A/060930215941/tarageorge621@okhdfcbank/PAY,060930215941,249.0,,202689.0
06-01-2023,06-01-2023,ATM WDL/7205/WHITEFIELD,246370611676,449.0,,202240.0
07-01-2023,07-01-2023,NEFT DR-HDFC0122234-DIVYA MENON-264234916375-RENT,325075863466,26500.0,,175740.0
07-01-2023,07-01-2023,POS/5439/MEDPLUS/WHITEFIELD,623425251541,1680.0,,174060.0
08-01-2023,08-01-2023,POS/5648/UBER/HSR LAYOUT,518347957226,310.0,,173750.0
08-01-2023,08-01-2023,ATM WDL/2612/BANJARA HILLS,250838996483,2380.0,,171370.0
09-01-2023,09-01-2023,POS/1977/RELIANCE FRESH/MUMBAI,113366024757,449.0,,170921.0
15-01-2023,15-01-2023,POS/1824/PVR CINEMAS/BANJARA HILLS,798046178916,699.0,,170222.0
15-01-2023,15-01-2023,UPI/P2A/394327366504/harishmeno557@okaxis/PAY,394327366504,449.0,,169773.0
15-01-2023,15-01-2023,ATM WDL/7555/MUMBAI,225271074354,699.0,,169074.0
16-01-2023,16-01-2023,IMPS/P2A/686187660574/RAJESHVERMA/AXIS,686187660574,,500.0,169574.0
17-01-2023,17-01-2023,POS/5666/AMAZON/HSR LAYOUT,419150287822,1680.0,,167894.0
17-01-2023,17-01-2023,BIL/INFT/992440539592/FLIPKART/PAYMENT,992440539592,1250.0,,166644.0
18-01-2023,18-01-2023,BIL/INFT/150834044862/FLIPKART/PAYMENT,150834044862,7800.0,,158844.0
18-01-2023,18-01-2023,POS/3485/ZOMATO/PUNE,666947185039,79.0,,158765.0
18-01-2023,18-01-2023,IMPS/P2A/143091236299/AYESHAKHAN/AXIS,143091236299,,2500.0,161265.0
19-01-2023,19-01-2023,IMPS/P2A/249860765130/DIVYAMENON/AXIS,249860765130,,11200.0,172465.0
20-01-2023,20-01-2023,POS/5054/IRCTC/MARATHAHALLI,260215833511,1680.0,,170785.0
21-01-2023,21-01-2023,BIL/INFT/478627438829/HPCL/PAYMENT,478627438829,120.0,,170665.0
23-01-2023,23-01-2023,UPI/P2A/072202649896/rahulsingh634@ybl/PAY,072202649896,699.0,,169966.0
25-01-2023,25-01-2023,BIL/INFT/844169917880/JIO/PAYMENT,844169917880,5200.0,,164766.0
25-01-2023,25-01-2023,IMPS/P2A/976200283986/PRAKASHRAO/AXIS,976200283986,,24000.0,188766.0
25-01-2023,25-01-2023,IMPS/P2A/125017287546/KAVERIMENON/AXIS,125017287546,,7500.0,196266.0
26-01-2023,26-01-2023,ATM WDL/0032/HSR LAYOUT,621233380101,699.0,,195567.0
26-01-2023,26-01-2023,UPI/P2A/543681920184/priyanair632@okhdfcbank/PAY,543681920184,1680.0,,193887.0
27-01-2023,27-01-2023,POS/7513/OLA/INDIRANAGAR,368688435132,5200.0,,188687.0
27-01-2023,27-01-2023,BIL/INFT/883385943788/BOOKMYSHOW/PAYMENT,883385943788,5200.0,,183487.0
29-01-2023,29-01-2023,ATM WDL/2235/PUNE,730235719391,1250.0,,182237.0
31-01-2023,31-01-2023,ATM WDL/7381/KORAMANGALA,399950429494,850.0,,181387.0
02-02-2023,02-02-2023,POS/8845/HPCL/MANGALURU,383010836844,999.0,,180388.0
02-02-2023,02-02-2023,UPI/P2A/029324821695/gopalnaik348@paytm/PAY,029324821695,2380.0,,178008.0
03-02-2023,03-02-2023,UPI/P2A/684973790310/priyanair469@okhdfcbank/PAY,684973790310,449.0,,177559.0
03-02-2023,03-02-2023,NEFT/CR/035464070968/PAYROLL,116127677024,,62000.0,239559.0
03-02-2023,03-02-2023,IMPS/P2A/587679090200/ANANDKUMAR/AXIS,587679090200,,850.0,240409.0
04-02-2023,04-02-2023,IMPS/P2A/602841786323/RANJITSINGH/AXIS,602841786323,,7500.0,247909.0
05-02-2023,05-02-2023,NEFT DR-HDFC0150368-SANTOSH IYER-469171764257-RENT,708886632781,26500.0,,221409.0
05-02-2023,05-02-2023,UPI/P2A/174092996210/kiranreddy465@okaxis/PAY,174092996210,2380.0,,219029.0
07-02-2023,07-02-2023,ATM WDL/8412/HSR LAYOUT,521300831736,249.0,,218780.0
07-02-2023,07-02-2023,UPI/P2A/229274833075/ayeshakhan423@paytm/PAY,229274833075,449.0,,218331.0
08-02-2023,08-02-2023,UPI/P2A/098214434359/santoshiye698@paytm/PAY,098214434359,120.0,,218211.0
08-02-2023,08-02-2023,POS/1722/UBER/BANJARA HILLS,813486413189,49.0,,218162.0
08-02-2023,08-02-2023,BIL/INFT/299378889635/BPCL/PAYMENT,299378889635,699.0,,217463.0
11-02-2023,11-02-2023,UPI/P2A/660639441586/harishmeno336@paytm/PAY,660639441586,1250.0,,216213.0
11-02-2023,11-02-2023,ATM WDL/9789/MYSURU,590665019296,699.0,,215514.0
11-02-2023,11-02-2023,IMPS/P2A/884259574787/USHARANI/AXIS,884259574787,,18500.0,234014.0
11-02-2023,11-02-2023,ATM WDL/9659/PUNE,731019169715,1680.0,,232334.0
12-02-2023,12-02-2023,BIL/INFT/435839936213/FLIPKART/PAYMENT,435839936213,7800.0,,224534.0
12-02-2023,12-02-2023,BIL/INFT/825620269850/HPCL/PAYMENT,825620269850,850.0,,223684.0
13-02-2023,13-02-2023,POS/3874/BPCL/JAYANAGAR,116398932905,310.0,,223374.0
13-02-2023,13-02-2023,UPI/P2A/116975010086/lathadevi80@ybl/PAY,116975010086,3499.0,,219875.0
13-02-2023,13-02-2023,IMPS/P2A/537080375415/VENKATRAO/AXIS,537080375415,,18500.0,238375.0
14-02-2023,14-02-2023,BIL/INFT/457026131100/DMART/PAYMENT,457026131100,2380.0,,235995.0
15-02-2023,15-02-2023,IMPS/P2A/240872813022/TARASINGH/AXIS,240872813022,,500.0,236495.0
15-02-2023,15-02-2023,POS/6082/DMART/HSR LAYOUT,325604548969,2380.0,,234115.0
16-02-2023,16-02-2023,BIL/INFT/481240076926/OLA/PAYMENT,481240076926,3499.0,,230616.0
16-02-2023,16-02-2023,ATM WDL/8469/MANGALURU,588152023310,5200.0,,225416.0
17-02-2023,17-02-2023,BIL/INFT/302121859491/APOLLO PHARMACY/PAYMENT,302121859491,1680.0,,223736.0
19-02-2023,19-02-2023,UPI/P2A/197185883760/ayeshakhan177@oksbi/PAY,197185883760,249.0,,223487.0
20-02-2023,20-02-2023,BIL/INFT/469865711443/PVR CINEMAS/PAYMENT,469865711443,1250.0,,222237.0
21-02-2023,21-02-2023,ATM WDL/9561/BANJARA HILLS,530496564772,120.0,,222117.0
21-02-2023,21-02-2023,UPI/P2A/424091317857/ayeshakhan144@paytm/PAY,424091317857,2380.0,,219737.0
21-02-2023,21-02-2023,BIL/INFT/748036224549/PVR CINEMAS/PAYMENT,748036224549,120.0,,219617.0
22-02-2023,22-02-2023,BIL/INFT/175538110013/HPCL/PAYMENT,175538110013,49.0,,219568.0
23-02-2023,23-02-2023,IMPS/P2A/406964195615/ANITHAKRISHNAN/AXIS,406964195615,,500.0,220068.0
23-02-2023,23-02-2023,UPI/P2A/599185683583/rajeshverm560@ybl/PAY,599185683583,1680.0,,218388.0
24-02-2023,24-02-2023,UPI/P2A/198966723437/vinaypatil943@paytm/PAY,198966723437,1680.0,,216708.0
24-02-2023,24-02-2023,IMPS/P2A/109537814490/ARCHANAPILLAI/AXIS,109537814490,,850.0,217558.0
24-02-2023,24-02-2023,IMPS/P2A/686602551668/AYESHAKHAN/AXIS,686602551668,,500.0,218058.0
24-02-2023,24-02-2023,POS/4516/AMAZON/BTM LAYOUT,337157824715,3499.0,,214559.0
24-02-2023,24-02-2023,ATM WDL/1630/WHITEFIELD,304328062537,249.0,,214310.0
24-02-2023,24-02-2023,ATM WDL/0824/BANJARA HILLS,534867825252,7800.0,,206510.0
24-02-2023,24-02-2023,POS/3030/UBER/PUNE,768592535641,1680.0,,204830.0
25-02-2023,25-02-2023,IMPS/P2A/989632045880/RESHMAKHAN/AXIS,989632045880,,2500.0,207330.0
26-02-2023,26-02-2023,ATM WDL/7941/JAYANAGAR,208514464865,1250.0,,206080.0
27-02-2023,27-02-2023,BIL/INFT/912829720894/BOOKMYSHOW/PAYMENT,912829720894,249.0,,205831.0
27-02-2023,27-02-2023,POS/5381/IRCTC/MARATHAHALLI,623031805929,249.0,,205582.0
27-02-2023,27-02-2023,BIL/INFT/261715317278/DMART/PAYMENT,261715317278,79.0,,205503.0
01-03-2023,01-03-2023,BIL/INFT/795699207348/ZOMATO/PAYMENT,795699207348,2380.0,,203123.0
01-03-2023,01-03-2023,IMPS/P2A/824694614170/SURESHNAIR/AXIS,824694614170,,2500.0,205623.0
01-03-2023,01-03-2023,NEFT/CR/100041051267/PAYROLL,097341509468,,62000.0,267623.0
02-03-2023,02-03-2023,ATM WDL/3843/PUNE,042963183034,310.0,,267313.0
02-03-2023,02-03-2023,UPI/P2A/455959771191/vikramnair895@oksbi/PAY,455959771191,999.0,,266314.0
03-03-2023,03-03-2023,BIL/INFT/113498239275/RELIANCE FRESH/PAYMENT,113498239275,449.0,,265865.0
04-03-2023,04-03-2023,BIL/INFT/836932345279/IOCL/PAYMENT,836932345279,5200.0,,260665.0
05-03-2023,05-03-2023,ATM WDL/1851/BTM LAYOUT,934556628932,5200.0,,255465.0
05-03-2023,05-03-2023,POS/3354/FLIPKART/JAYANAGAR,663740776849,249.0,,255216.0
06-03-2023,06-03-2023,NEFT DR-HDFC0746972-RAHUL SINGH-726209297740-RENT,730341856918,31000.0,,224216.0
07-03-2023,07-03-2023,BIL/INFT/771549405716/AIRTEL/PAYMENT,771549405716,49.0,,224167.0
07-03-2023,07-03-2023,POS/4457/BOOKMYSHOW/MANGALURU,384947499066,120.0,,224047.0
08-03-2023,08-03-2023,UPI/P2A/746101850424/gopalnaik159@paytm/PAY,746101850424,310.0,,223737.0
08-03-2023,08-03-2023,UPI/P2A/384930218150/divyamenon392@okaxis/PAY,384930218150,449.0,,223288.0
09-03-2023,09-03-2023,IMPS/P2A/222364704094/ARUNSHARMA/AXIS,222364704094,,18500.0,241788.0
12-03-2023,12-03-2023,BIL/INFT/253196085640/BOOKMYSHOW/PAYMENT,253196085640,310.0,,241478.0
12-03-2023,12-03-2023,ATM WDL/8776/HSR LAYOUT,115772915437,249.0,,241229.0
13-03-2023,13-03-2023,IMPS/P2A/547237649379/GEETADEVI/AXIS,547237649379,,4800.0,246029.0
14-03-2023,14-03-2023,UPI/P2A/889429963230/smitharao771@oksbi/PAY,889429963230,1680.0,,244349.0
14-03-2023,14-03-2023,UPI/P2A/874414839897/vikramnair348@okhdfcbank/PAY,874414839897,449.0,,243900.0
15-03-2023,15-03-2023,BIL/INFT/040793003155/IOCL/PAYMENT,040793003155,2380.0,,241520.0
17-03-2023,17-03-2023,POS/0086/IOCL/KUKATPALLY,185977089071,310.0,,241210.0
18-03-2023,18-03-2023,ATM WDL/1795/SECUNDERABAD,567099666675,1680.0,,239530.0
18-03-2023,18-03-2023,BIL/INFT/024586686863/HPCL/PAYMENT,024586686863,699.0,,238831.0
19-03-2023,19-03-2023,IMPS/P2A/400616226148/SANTOSHKUMAR/AXIS,400616226148,,850.0,239681.0
19-03-2023,19-03-2023,BIL/INFT/922788639190/JIO/PAYMENT,922788639190,999.0,,238682.0
19-03-2023,19-03-2023,UPI/P2A/618990703888/kavyareddy189@oksbi/PAY,618990703888,850.0,,237832.0
21-03-2023,21-03-2023,POS/1745/JIO/HSR LAYOUT,195944918039,449.0,,237383.0
21-03-2023,21-03-2023,BIL/INFT/656795185291/ZOMATO/PAYMENT,656795185291,5200.0,,232183.0
22-03-2023,22-03-2023,POS/4799/BOOKMYSHOW/PUNE,785203376191,1680.0,,230503.0
22-03-2023,22-03-2023,UPI/P2A/034282682451/divyamenon766@okhdfcbank/PAY,034282682451,120.0,,230383.0
23-03-2023,23-03-2023,POS/7642/PVR CINEMAS/KORAMANGALA,207289454827,2380.0,,228003.0
23-03-2023,23-03-2023,IMPS/P2A/935033890332/DIVYAMENON/AXIS,935033890332,,1200.0,229203.0
24-03-2023,24-03-2023,UPI/P2A/578430529459/harishmeno955@oksbi/PAY,578430529459,699.0,,228504.0
25-03-2023,25-03-2023,CREDIT INTEREST CAPITALISED,903578690318,,108.64,228612.64
25-03-2023,25-03-2023,GST ON BANK CHARGES,542155785146,17.7,,228594.94
26-03-2023,26-03-2023,BIL/INFT/032983039436/BESCOM/PAYMENT,032983039436,1250.0,,227344.94
27-03-2023,27-03-2023,BIL/INFT/300483502961/APOLLO PHARMACY/PAYMENT,300483502961,7800.0,,219544.94
29-03-2023,29-03-2023,ATM WDL/1618/KORAMANGALA,489924480540,310.0,,219234.94
30-03-2023,30-03-2023,UPI/P2A/830008806872/mohandas272@oksbi/PAY,830008806872,120.0,,219114.94
31-03-2023,31-03-2023,UPI/P2A/342179151755/santoshiye770@okhdfcbank/PAY,342179151755,1250.0,,217864.94
31-03-2023,31-03-2023,UPI/P2A/240726698379/reshmakhan363@okhdfcbank/PAY,240726698379,79.0,,217785.94
01-04-2023,01-04-2023,NEFT/CR/947637674783/PAYROLL,967064385603,,61250.0,279035.94
01-04-2023,01-04-2023,POS/2006/ZOMATO/SECUNDERABAD,176385900008,850.0,,278185.94
01-04-2023,01-04-2023,ATM WDL/4169/MARATHAHALLI,702599634426,850.0,,277335.94
03-04-2023,03-04-2023,ATM WDL/4397/BANJARA HILLS,851979777120,999.0,,276336.94
03-04-2023,03-04-2023,ATM WDL/1949/PUNE,121749952262,449.0,,275887.94
03-04-2023,03-04-2023,POS/4127/APOLLO PHARMACY/JAYANAGAR,156654183242,79.0,,275808.94
04-04-2023,04-04-2023,NEFT DR-HDFC0471819-LATHA DEVI-990350805374-RENT,621921662708,22000.0,,253808.94
04-04-2023,04-04-2023,ATM WDL/3042/HSR LAYOUT,585532419671,5200.0,,248608.94
04-04-2023,04-04-2023,BIL/INFT/528261090476/AIRTEL/PAYMENT,528261090476,249.0,,248359.94
04-04-2023,04-04-2023,BIL/INFT/429324386737/OLA/PAYMENT,429324386737,249.0,,248110.94
05-04-2023,05-04-2023,POS/9632/PVR CINEMAS/JAYANAGAR,888486032724,310.0,,247800.94
05-04-2023,05-04-2023,ATM WDL/7045/MYSURU,204356141228,699.0,,247101.94
05-04-2023,05-04-2023,POS/7725/SWIGGY/HYDERABAD,304922220803,1250.0,,245851.94
06-04-2023,06-04-2023,BIL/INFT/327982919332/IRCTC/PAYMENT,327982919332,2380.0,,243471.94
06-04-2023,06-04-2023,POS/2022/OLA/HSR LAYOUT,487510273601,310.0,,243161.94
06-04-2023,06-04-2023,POS/0373/DMART/MUMBAI,731617264457,699.0,,242462.94
06-04-2023,06-04-2023,BIL/INFT/885342029529/AIRTEL/PAYMENT,885342029529,850.0,,241612.94
06-04-2023,06-04-2023,POS/0449/IRCTC/HYDERABAD,638936756884,1250.0,,240362.94
06-04-2023,06-04-2023,IMPS/P2A/626486852549/DEEPANAIR/AXIS,626486852549,,4800.0,245162.94
08-04-2023,08-04-2023,POS/7124/MEDPLUS/MUMBAI,991804079923,79.0,,245083.94
10-04-2023,10-04-2023,POS/7724/BESCOM/BANJARA HILLS,660996633834,310.0,,244773.94
10-04-2023,10-04-2023,POS/6825/PVR CINEMAS/MARATHAHALLI,191652454210,1250.0,,243523.94
12-04-2023,12-04-2023,UPI/P2A/529887586542/rahulsingh251@paytm/PAY,529887586542,850.0,,242673.94
12-04-2023,12-04-2023,IMPS/P2A/143214234368/VINAYPATIL/AXIS,143214234368,,1200.0,243873.94
12-04-2023,12-04-2023,UPI/P2A/261014607801/poojasharm804@ybl/PAY,261014607801,310.0,,243563.94
12-04-2023,12-04-2023,BIL/INFT/218945780613/RELIANCE FRESH/PAYMENT,218945780613,5200.0,,238363.94
13-04-2023,13-04-2023,BIL/INFT/528056138355/IRCTC/PAYMENT,528056138355,3499.0,,234864.94
14-04-2023,14-04-2023,BIL/INFT/205095586833/BOOKMYSHOW/PAYMENT,205095586833,850.0,,234014.94
14-04-2023,14-04-2023,ATM WDL/6738/INDIRANAGAR,012509007510,3499.0,,230515.94
15-04-2023,15-04-2023,UPI/P2A/365531221087/ayeshakhan17@okaxis/PAY,365531221087,2380.0,,228135.94
16-04-2023,16-04-2023,POS/6487/RELIANCE FRESH/KORAMANGALA,667206409854,79.0,,228056.94
16-04-2023,16-04-2023,BIL/INFT/037316617619/BPCL/PAYMENT,037316617619,7800.0,,220256.94
17-04-2023,17-04-2023,IMPS/P2A/284273336785/RAHULSINGH/AXIS,284273336785,,850.0,221106.94
17-04-2023,17-04-2023,BIL/INFT/858388498551/AIRTEL/PAYMENT,858388498551,120.0,,220986.94
18-04-2023,18-04-2023,UPI/P2A/849291126370/meerapilla433@okaxis/PAY,849291126370,449.0,,220537.94
18-04-2023,18-04-2023,IMPS/P2A/683556085218/RAJESHVERMA/AXIS,683556085218,,1200.0,221737.94
18-04-2023,18-04-2023,POS/4239/BPCL/INDIRANAGAR,601172584051,1250.0,,220487.94
19-04-2023,19-04-2023,IMPS/P2A/349022005763/DEEPAKJOSHI/AXIS,349022005763,,850.0,221337.94
20-04-2023,20-04-2023,IMPS/P2A/943064668372/SUNILYADAV/AXIS,943064668372,,4800.0,226137.94
21-04-2023,21-04-2023,IMPS/P2A/913529746706/KIRANREDDY/AXIS,913529746706,,7500.0,233637.94
24-04-2023,24-04-2023,BIL/INFT/565723124038/APOLLO PHARMACY/PAYMENT,565723124038,7800.0,,225837.94
24-04-2023,24-04-2023,UPI/P2A/625262642664/mohandas250@paytm/PAY,625262642664,999.0,,224838.94
26-04-2023,26-04-2023,UPI/P2A/571770342561/tarageorge729@oksbi/PAY,571770342561,1680.0,,223158.94
26-04-2023,26-04-2023,BIL/INFT/069798785817/JIO/PAYMENT,069798785817,1250.0,,221908.94
26-04-2023,26-04-2023,BIL/INFT/259026108355/IOCL/PAYMENT,259026108355,5200.0,,216708.94
27-04-2023,27-04-2023,UPI/P2A/579210610553/reshmakhan731@okhdfcbank/PAY,579210610553,999.0,,215709.94
27-04-2023,27-04-2023,BIL/INFT/152737741232/OLA/PAYMENT,152737741232,850.0,,214859.94
28-04-2023,28-04-2023,POS/2917/JIO/HSR LAYOUT,392027748438,5200.0,,209659.94
28-04-2023,28-04-2023,UPI/P2A/524743822602/harishmeno639@oksbi/PAY,524743822602,310.0,,209349.94
28-04-2023,28-04-2023,BIL/INFT/485791857030/JIO/PAYMENT,485791857030,1250.0,,208099.94
28-04-2023,28-04-2023,POS/6517/ZOMATO/KUKATPALLY,337381762519,120.0,,207979.94
30-04-2023,30-04-2023,IMPS/P2A/898863263594/NADIAHUSSAIN/AXIS,898863263594,,18500.0,226479.94
02-05-2023,02-05-2023,ATM WDL/9530/HYDERABAD,517740237125,5200.0,,221279.94
03-05-2023,03-05-2023,NEFT/CR/157758022095/PAYROLL,851275551014,,62000.0,283279.94
05-05-2023,05-05-2023,IMPS/P2A/864128617408/TARASINGH/AXIS,864128617408,,7500.0,290779.94
05-05-2023,05-05-2023,UPI/P2A/632134244822/vinaypatil142@okhdfcbank/PAY,632134244822,999.0,,289780.94
06-05-2023,06-05-2023,ATM WDL/2369/HYDERABAD,319141937096,3499.0,,286281.94
06-05-2023,06-05-2023,NEFT DR-HDFC0455086-LATHA DEVI-627900764981-RENT,783618781968,18000.0,,268281.94
06-05-2023,06-05-2023,UPI/P2A/675213777698/lathadevi771@okaxis/PAY,675213777698,120.0,,268161.94
06-05-2023,06-05-2023,ATM WDL/0926/HSR LAYOUT,414657827624,449.0,,267712.94
07-05-2023,07-05-2023,UPI/P2A/415420778946/mohandas241@oksbi/PAY,415420778946,79.0,,267633.94
08-05-2023,08-05-2023,BIL/INFT/275061337844/BOOKMYSHOW/PAYMENT,275061337844,1680.0,,265953.94
10-05-2023,10-05-2023,UPI/P2A/007483156044/harishmeno548@paytm/PAY,007483156044,79.0,,265874.94
10-05-2023,10-05-2023,IMPS/P2A/852154020750/MOHANDAS/AXIS,852154020750,,1200.0,267074.94
11-05-2023,11-05-2023,IMPS/P2A/610444213549/ROHITSHARMA/AXIS,610444213549,,24000.0,291074.94
11-05-2023,11-05-2023,IMPS/P2A/254195174188/USHARANI/AXIS,254195174188,,850.0,291924.94
11-05-2023,11-05-2023,NEFT-972441855875-BENGALURU METRO SERVICES-REIMB-680405-HDFC0842038,478547594398,,12000.0,303924.94
11-05-2023,11-05-2023,BIL/INFT/779893185757/FLIPKART/PAYMENT,779893185757,699.0,,303225.94
11-05-2023,11-05-2023,BIL/INFT/188219900955/PVR CINEMAS/PAYMENT,188219900955,79.0,,303146.94
12-05-2023,12-05-2023,ATM WDL/5658/HSR LAYOUT,509996780520,2380.0,,300766.94
13-05-2023,13-05-2023,BIL/INFT/555751913684/BOOKMYSHOW/PAYMENT,555751913684,2380.0,,298386.94
13-05-2023,13-05-2023,POS/5696/AMAZON/MUMBAI,356500305213,850.0,,297536.94
13-05-2023,13-05-2023,NEFT-655592791710-BENGALURU METRO SERVICES-REIMB-680405-HDFC0309676,737025618170,,12000.0,309536.94
16-05-2023,16-05-2023,UPI/P2A/331506413726/kiranreddy112@paytm/PAY,331506413726,249.0,,309287.94
17-05-2023,17-05-2023,BIL/INFT/743640434039/AMAZON/PAYMENT,743640434039,999.0,,308288.94
17-05-2023,17-05-2023,BIL/INFT/243557248393/IRCTC/PAYMENT,243557248393,699.0,,307589.94
18-05-2023,18-05-2023,ATM WDL/4649/HSR LAYOUT,869164220483,1680.0,,305909.94
19-05-2023,19-05-2023,POS/4614/PVR CINEMAS/MARATHAHALLI,678387420535,2380.0,,303529.94
21-05-2023,21-05-2023,IMPS/P2A/558703890780/LATHADEVI/AXIS,558703890780,,1200.0,304729.94
23-05-2023,23-05-2023,ATM WDL/1386/JAYANAGAR,825538955899,699.0,,304030.94
27-05-2023,27-05-2023,ATM WDL/6743/WHITEFIELD,096506675900,310.0,,303720.94
29-05-2023,29-05-2023,IMPS/P2A/319797260840/MEENAIYER/AXIS,319797260840,,24000.0,327720.94
29-05-2023,29-05-2023,UPI/P2A/307225162486/mohandas905@okhdfcbank/PAY,307225162486,79.0,,327641.94
29-05-2023,29-05-2023,UPI/P2A/867586303023/kiranreddy874@okhdfcbank/PAY,867586303023,1680.0,,325961.94
30-05-2023,30-05-2023,ATM WDL/6962/HYDERABAD,238655165217,120.0,,325841.94
01-06-2023,01-06-2023,BIL/INFT/963018669888/JIO/PAYMENT,963018669888,3499.0,,322342.94
01-06-2023,01-06-2023,POS/5759/BESCOM/MUMBAI,084109897871,5200.0,,317142.94
02-06-2023,02-06-2023,NEFT/CR/873706971095/PAYROLL,047591186093,,62000.0,379142.94
02-06-2023,02-06-2023,BIL/INFT/464855310170/RELIANCE FRESH/PAYMENT,464855310170,699.0,,378443.94
03-06-2023,03-06-2023,IMPS/P2A/516859900448/REKHAPILLAI/AXIS,516859900448,,24000.0,402443.94
04-06-2023,04-06-2023,POS/6277/UBER/JAYANAGAR,210919471611,3499.0,,398944.94
04-06-2023,04-06-2023,IMPS/P2A/974617588978/HARISHMENON/AXIS,974617588978,,850.0,399794.94
05-06-2023,05-06-2023,IMPS/P2A/602563557973/MOHAMMEDIRFAN/AXIS,602563557973,,850.0,400644.94
05-06-2023,05-06-2023,UPI/P2A/089040825119/mohandas531@oksbi/PAY,089040825119,249.0,,400395.94
06-06-2023,06-06-2023,IMPS/P2A/964722176870/PRADEEPSINGH/AXIS,964722176870,,850.0,401245.94
06-06-2023,06-06-2023,NEFT DR-HDFC0372745-KIRAN REDDY-366240244787-RENT,458561010437,26500.0,,374745.94
06-06-2023,06-06-2023,BIL/INFT/052376682925/UBER/PAYMENT,052376682925,999.0,,373746.94
06-06-2023,06-06-2023,UPI/P2A/954555341614/rahulsingh684@okaxis/PAY,954555341614,2380.0,,371366.94
07-06-2023,07-06-2023,BIL/INFT/843351556188/UBER/PAYMENT,843351556188,1250.0,,370116.94
07-06-2023,07-06-2023,POS/6750/BOOKMYSHOW/KUKATPALLY,312055037341,5200.0,,364916.94
08-06-2023,08-06-2023,POS/7567/BESCOM/BANJARA HILLS,796367999849,120.0,,364796.94
08-06-2023,08-06-2023,IMPS/P2A/295028500351/SNEHAPATIL/AXIS,295028500351,,1200.0,365996.94
10-06-2023,10-06-2023,POS/0789/OLA/MYSURU,501495490332,449.0,,365547.94
11-06-2023,11-06-2023,POS/3546/AMAZON/INDIRANAGAR,634003831074,310.0,,365237.94
11-06-2023,11-06-2023,ATM WDL/2510/KORAMANGALA,007127466348,2380.0,,362857.94
12-06-2023,12-06-2023,POS/3129/AMAZON/BTM LAYOUT,605497448418,2380.0,,360477.94
12-06-2023,12-06-2023,UPI/P2A/054061495582/lathadevi894@okaxis/PAY,054061495582,850.0,,359627.94
13-06-2023,13-06-2023,UPI/P2A/386166456237/meerapilla797@paytm/PAY,386166456237,1250.0,,358377.94
14-06-2023,14-06-2023,UPI/P2A/766194063790/priyanair60@okhdfcbank/PAY,766194063790,999.0,,357378.94
15-06-2023,15-06-2023,BIL/INFT/546015898330/SWIGGY/PAYMENT,546015898330,5200.0,,352178.94
15-06-2023,15-06-2023,POS/9021/OLA/BTM LAYOUT,966518313360,999.0,,351179.94
16-06-2023,16-06-2023,BIL/INFT/471922747135/IRCTC/PAYMENT,471922747135,850.0,,350329.94
16-06-2023,16-06-2023,ATM WDL/0511/INDIRANAGAR,469231784233,310.0,,350019.94
17-06-2023,17-06-2023,POS/2091/IRCTC/MUMBAI,938162988436,850.0,,349169.94
18-06-2023,18-06-2023,IMPS/P2A/834768071850/SHAHIDKHAN/AXIS,834768071850,,4800.0,353969.94
18-06-2023,18-06-2023,BIL/INFT/177470029505/UBER/PAYMENT,177470029505,79.0,,353890.94
19-06-2023,19-06-2023,POS/5131/FLIPKART/MYSURU,431660412480,249.0,,353641.94
20-06-2023,20-06-2023,ATM WDL/2268/HYDERABAD,370384547672,999.0,,352642.94
21-06-2023,21-06-2023,POS/9300/MEDPLUS/INDIRANAGAR,661060833837,1250.0,,351392.94
23-06-2023,23-06-2023,UPI/P2A/120734874228/arjunmehta705@paytm/PAY,120734874228,449.0,,350943.94
24-06-2023,24-06-2023,ATM WDL/7014/BTM LAYOUT,724783917958,850.0,,350093.94
24-06-2023,24-06-2023,BIL/INFT/024898523742/OLA/PAYMENT,024898523742,310.0,,349783.94
24-06-2023,24-06-2023,POS/3880/FLIPKART/PUNE,597244973135,7800.0,,341983.94
24-06-2023,24-06-2023,BIL/INFT/725763628133/BESCOM/PAYMENT,725763628133,249.0,,341734.94
25-06-2023,25-06-2023,IMPS/P2A/991049738537/ADITYAKUMAR/AXIS,991049738537,,500.0,342234.94
25-06-2023,25-06-2023,CREDIT INTEREST CAPITALISED,209086271372,,21.12,342256.06
25-06-2023,25-06-2023,GST ON BANK CHARGES,821944248273,17.7,,342238.36
25-06-2023,25-06-2023,POS/3043/IRCTC/WHITEFIELD,798796511105,1250.0,,340988.36
25-06-2023,25-06-2023,UPI/P2A/117979981006/vinaypatil783@ybl/PAY,117979981006,449.0,,340539.36
26-06-2023,26-06-2023,IMPS/P2A/398316511093/MOHANDAS/AXIS,398316511093,,11200.0,351739.36
26-06-2023,26-06-2023,ATM WDL/5857/BTM LAYOUT,033349554416,310.0,,351429.36
26-06-2023,26-06-2023,UPI/P2A/197431795061/priyanair216@okhdfcbank/PAY,197431795061,850.0,,350579.36
26-06-2023,26-06-2023,ATM WDL/6830/PUNE,266718132148,2380.0,,348199.36
28-06-2023,28-06-2023,POS/8071/SWIGGY/JAYANAGAR,964526590433,449.0,,347750.36
29-06-2023,29-06-2023,IMPS/P2A/720552822853/SANTOSHKUMAR/AXIS,720552822853,,18500.0,366250.36
29-06-2023,29-06-2023,IMPS/P2A/747921294221/SUNILYADAV/AXIS,747921294221,,850.0,367100.36
30-06-2023,30-06-2023,ATM WDL/9742/KUKATPALLY,155852257345,1680.0,,365420.36
30-06-2023,30-06-2023,POS/0781/ZOMATO/KUKATPALLY,113762438604,2380.0,,363040.36
01-07-2023,01-07-2023,POS/7528/MEDPLUS/MUMBAI,831865188923,1250.0,,361790.36
01-07-2023,01-07-2023,POS/5443/SWIGGY/KUKATPALLY,924877760496,310.0,,361480.36
02-07-2023,02-07-2023,NEFT/CR/654581334583/PAYROLL,810154466900,,61250.0,422730.36
02-07-2023,02-07-2023,UPI/P2A/744862689087/naveenkuma481@okhdfcbank/PAY,744862689087,79.0,,422651.36
03-07-2023,03-07-2023,ATM WDL/0022/KORAMANGALA,657270775297,79.0,,422572.36
03-07-2023,03-07-2023,UPI/P2A/917880211035/poojasharm496@okaxis/PAY,917880211035,1250.0,,421322.36
04-07-2023,04-07-2023,POS/7413/JIO/BTM LAYOUT,717573241483,249.0,,421073.36
04-07-2023,04-07-2023,BIL/INFT/954400916383/JIO/PAYMENT,954400916383,449.0,,420624.36
05-07-2023,05-07-2023,ATM WDL/1075/MUMBAI,227854390372,1250.0,,419374.36
06-07-2023,06-07-2023,IMPS/P2A/182600057998/SHAHIDKHAN/AXIS,182600057998,,500.0,419874.36
06-07-2023,06-07-2023,NEFT DR-HDFC0967286-RAJESH VERMA-852135895764-RENT,550932644392,18000.0,,401874.36
06-07-2023,06-07-2023,IMPS/P2A/355458357885/NADIAHUSSAIN/AXIS,355458357885,,24000.0,425874.36
06-07-2023,06-07-2023,POS/1645/DMART/PUNE,914902863000,5200.0,,420674.36
07-07-2023,07-07-2023,UPI/P2A/908494251390/reshmakhan807@ybl/PAY,908494251390,120.0,,420554.36
07-07-2023,07-07-2023,POS/1858/IOCL/WHITEFIELD,768384232510,3499.0,,417055.36
07-07-2023,07-07-2023,UPI/P2A/481312514579/divyamenon815@okhdfcbank/PAY,481312514579,1250.0,,415805.36
07-07-2023,07-07-2023,ATM WDL/5602/WHITEFIELD,183068299649,79.0,,415726.36
08-07-2023,08-07-2023,IMPS/P2A/329903003781/MOHANDAS/AXIS,329903003781,,500.0,416226.36
08-07-2023,08-07-2023,POS/0392/AMAZON/WHITEFIELD,970683775823,699.0,,415527.36
09-07-2023,09-07-2023,UPI/P2A/335416896623/ayeshakhan201@paytm/PAY,335416896623,3499.0,,412028.36
10-07-2023,10-07-2023,ATM WDL/3801/HSR LAYOUT,999955497445,120.0,,411908.36
10-07-2023,10-07-2023,UPI/P2A/028865420284/anjalirao66@ybl/PAY,028865420284,699.0,,411209.36
10-07-2023,10-07-2023,POS/6398/BESCOM/MANGALURU,945492413228,1250.0,,409959.36
12-07-2023,12-07-2023,POS/7235/JIO/MYSURU,928246664638,310.0,,409649.36
13-07-2023,13-07-2023,BIL/INFT/226207772624/HPCL/PAYMENT,226207772624,120.0,,409529.36
14-07-2023,14-07-2023,IMPS/P2A/118062700487/ARUNSHARMA/AXIS,118062700487,,850.0,410379.36
14-07-2023,14-07-2023,UPI/P2A/555235037874/gopalnaik961@oksbi/PAY,555235037874,699.0,,409680.36
15-07-2023,15-07-2023,UPI/P2A/107182117969/poojasharm938@okhdfcbank/PAY,107182117969,5200.0,,404480.36
15-07-2023,15-07-2023,BIL/INFT/156649691269/AIRTEL/PAYMENT,156649691269,3499.0,,400981.36
17-07-2023,17-07-2023,UPI/P2A/499634543204/lathadevi295@oksbi/PAY,499634543204,2380.0,,398601.36
17-07-2023,17-07-2023,ATM WDL/6419/MYSURU,899980867262,449.0,,398152.36
17-07-2023,17-07-2023,UPI/P2A/374962012693/rajeshverm35@okaxis/PAY,374962012693,850.0,,397302.36
19-07-2023,19-07-2023,IMPS/P2A/635665675154/SANJANAHEGDE/AXIS,635665675154,,4800.0,402102.36
19-07-2023,19-07-2023,UPI/P2A/448106850020/tarageorge450@okaxis/PAY,448106850020,3499.0,,398603.36
20-07-2023,20-07-2023,BIL/INFT/886024526369/IOCL/PAYMENT,886024526369,79.0,,398524.36
21-07-2023,21-07-2023,ATM WDL/4551/KUKATPALLY,828176347435,5200.0,,393324.36
22-07-2023,22-07-2023,BIL/INFT/352370471983/AIRTEL/PAYMENT,352370471983,850.0,,392474.36
22-07-2023,22-07-2023,UPI/P2A/770999825034/reshmakhan203@okhdfcbank/PAY,770999825034,999.0,,391475.36
22-07-2023,22-07-2023,IMPS/P2A/435306524485/KIRANREDDY/AXIS,435306524485,,2500.0,393975.36
22-07-2023,22-07-2023,UPI/P2A/711589905295/vinaypatil183@paytm/PAY,711589905295,850.0,,393125.36
24-07-2023,24-07-2023,IMPS/P2A/632884116123/VINAYPATIL/AXIS,632884116123,,1200.0,394325.36
24-07-2023,24-07-2023,IMPS/P2A/577645337428/MOHANDAS/AXIS,577645337428,,4800.0,399125.36
26-07-2023,26-07-2023,UPI/P2A/634446129746/vinaypatil292@okaxis/PAY,634446129746,3499.0,,395626.36
27-07-2023,27-07-2023,POS/1105/BOOKMYSHOW/PUNE,316681847112,1250.0,,394376.36
28-07-2023,28-07-2023,ATM WDL/5248/MYSURU,206580708028,2380.0,,391996.36
29-07-2023,29-07-2023,BIL/INFT/156281388955/BESCOM/PAYMENT,156281388955,999.0,,390997.36
29-07-2023,29-07-2023,POS/4558/APOLLO PHARMACY/BANJARA HILLS,368370400634,999.0,,389998.36
30-07-2023,30-07-2023,IMPS/P2A/642423772287/LAKSHMIVENKAT/AXIS,642423772287,,1200.0,391198.36
01-08-2023,01-08-2023,POS/1574/RELIANCE FRESH/PUNE,957208258832,79.0,,391119.36
01-08-2023,01-08-2023,BIL/INFT/115036804887/FLIPKART/PAYMENT,115036804887,120.0,,390999.36
02-08-2023,02-08-2023,POS/6094/RELIANCE FRESH/HSR LAYOUT,060045940616,310.0,,390689.36
03-08-2023,03-08-2023,NEFT/CR/731473194694/PAYROLL,416606761617,,62000.0,452689.36
04-08-2023,04-08-2023,IMPS/P2A/035011043553/ANANDKUMAR/AXIS,035011043553,,18500.0,471189.36
04-08-2023,04-08-2023,BIL/INFT/977201271690/MEDPLUS/PAYMENT,977201271690,850.0,,470339.36
04-08-2023,04-08-2023,BIL/INFT/968917736322/BESCOM/PAYMENT,968917736322,999.0,,469340.36
05-08-2023,05-08-2023,ATM WDL/6034/PUNE,028730192725,449.0,,468891.36
05-08-2023,05-08-2023,ATM WDL/3175/HYDERABAD,803354699397,2380.0,,466511.36
07-08-2023,07-08-2023,NEFT DR-HDFC0968795-ROHIT SHARMA-587002071826-RENT,494163680894,31000.0,,435511.36
07-08-2023,07-08-2023,ATM WDL/1659/INDIRANAGAR,109595276791,999.0,,434512.36
08-08-2023,08-08-2023,IMPS/P2A/730145202161/PRADEEPSINGH/AXIS,730145202161,,11200.0,445712.36
10-08-2023,10-08-2023,IMPS/P2A/179677312857/BABULAL/AXIS,179677312857,,850.0,446562.36
11-08-2023,11-08-2023,UPI/P2A/734768717171/lathadevi514@okaxis/PAY,734768717171,5200.0,,441362.36
13-08-2023,13-08-2023,UPI/P2A/335353615392/farhankhan341@ybl/PAY,335353615392,1680.0,,439682.36
14-08-2023,14-08-2023,IMPS/P2A/471213255162/MEERAPILLAI/AXIS,471213255162,,7500.0,447182.36
14-08-2023,14-08-2023,POS/8758/BESCOM/BANJARA HILLS,501229365212,699.0,,446483.36
15-08-2023,15-08-2023,IMPS/P2A/493873880202/RAMESHGOWDA/AXIS,493873880202,,1200.0,447683.36
15-08-2023,15-08-2023,BIL/INFT/025852681374/OLA/PAYMENT,025852681374,999.0,,446684.36
16-08-2023,16-08-2023,UPI/P2A/642214132065/mohandas653@ybl/PAY,642214132065,49.0,,446635.36
16-08-2023,16-08-2023,UPI/P2A/359593507987/anjalirao220@ybl/PAY,359593507987,850.0,,445785.36
16-08-2023,16-08-2023,UPI/P2A/358456552280/kavyareddy44@okhdfcbank/PAY,358456552280,2380.0,,443405.36
16-08-2023,16-08-2023,BIL/INFT/431585186082/ZOMATO/PAYMENT,431585186082,5200.0,,438205.36
17-08-2023,17-08-2023,POS/9472/DMART/BANJARA HILLS,349933479138,1250.0,,436955.36
17-08-2023,17-08-2023,IMPS/P2A/775790060384/TARASINGH/AXIS,775790060384,,18500.0,455455.36
17-08-2023,17-08-2023,UPI/P2A/817172243485/smitharao892@oksbi/PAY,817172243485,1680.0,,453775.36
17-08-2023,17-08-2023,BIL/INFT/531714573483/SWIGGY/PAYMENT,531714573483,310.0,,453465.36
19-08-2023,19-08-2023,POS/9903/ZOMATO/SECUNDERABAD,781435100937,310.0,,453155.36
19-08-2023,19-08-2023,UPI/P2A/876599344644/rajeshverm917@ybl/PAY,876599344644,79.0,,453076.36
20-08-2023,20-08-2023,BIL/INFT/782327785285/UBER/PAYMENT,782327785285,7800.0,,445276.36
20-08-2023,20-08-2023,BIL/INFT/365355057613/APOLLO PHARMACY/PAYMENT,365355057613,449.0,,444827.36
21-08-2023,21-08-2023,BIL/INFT/014799885556/RELIANCE FRESH/PAYMENT,014799885556,999.0,,443828.36
21-08-2023,21-08-2023,IMPS/P2A/392759247456/KAVERIMENON/AXIS,392759247456,,850.0,444678.36
22-08-2023,22-08-2023,BIL/INFT/827381177263/BPCL/PAYMENT,827381177263,120.0,,444558.36
23-08-2023,23-08-2023,UPI/P2A/922910003906/ayeshakhan868@oksbi/PAY,922910003906,2380.0,,442178.36
24-08-2023,24-08-2023,POS/2362/UBER/JAYANAGAR,687067949689,699.0,,441479.36
25-08-2023,25-08-2023,UPI/P2A/237145522143/kavyareddy109@oksbi/PAY,237145522143,249.0,,441230.36
25-08-2023,25-08-2023,ATM WDL/8715/KORAMANGALA,998681878320,449.0,,440781.36
27-08-2023,27-08-2023,BIL/INFT/709534442138/AIRTEL/PAYMENT,709534442138,49.0,,440732.36
28-08-2023,28-08-2023,BIL/INFT/282913968645/OLA/PAYMENT,282913968645,3499.0,,437233.36
01-09-2023,01-09-2023,NEFT/CR/536832951216/PAYROLL,829767391894,,61250.0,498483.36
02-09-2023,02-09-2023,UPI/P2A/426511541280/naveenkuma432@okaxis/PAY,426511541280,1250.0,,497233.36
04-09-2023,04-09-2023,NEFT DR-HDFC0337579-VINAY PATIL-445924198480-RENT,759713087876,26500.0,,470733.36
05-09-2023,05-09-2023,ATM WDL/5455/MYSURU,602280143458,310.0,,470423.36
07-09-2023,07-09-2023,IMPS/P2A/181847223557/RESHMAKHAN/AXIS,181847223557,,18500.0,488923.36
07-09-2023,07-09-2023,UPI/P2A/980410522048/santoshiye980@okaxis/PAY,980410522048,3499.0,,485424.36
08-09-2023,08-09-2023,UPI/P2A/313866626046/rohitsharm174@oksbi/PAY,313866626046,449.0,,484975.36
09-09-2023,09-09-2023,IMPS/P2A/363380765681/SUNILYADAV/AXIS,363380765681,,18500.0,503475.36
12-09-2023,12-09-2023,POS/1949/DMART/HSR LAYOUT,875718524856,5200.0,,498275.36
12-09-2023,12-09-2023,BIL/INFT/019540971974/MEDPLUS/PAYMENT,019540971974,449.0,,497826.36
13-09-2023,13-09-2023,POS/6775/APOLLO PHARMACY/MYSURU,597374782322,699.0,,497127.36
14-09-2023,14-09-2023,ATM WDL/1547/MYSURU,708751835971,699.0,,496428.36
15-09-2023,15-09-2023,IMPS/P2A/402065265389/ARJUNMEHTA/AXIS,402065265389,,11200.0,507628.36
16-09-2023,16-09-2023,UPI/P2A/356707831774/gopalnaik606@okhdfcbank/PAY,356707831774,310.0,,507318.36
17-09-2023,17-09-2023,BIL/INFT/143449277791/BPCL/PAYMENT,143449277791,2380.0,,504938.36
19-09-2023,19-09-2023,BIL/INFT/927405111094/DMART/PAYMENT,927405111094,3499.0,,501439.36
19-09-2023,19-09-2023,UPI/P2A/962634878169/lathadevi59@ybl/PAY,962634878169,79.0,,501360.36
19-09-2023,19-09-2023,POS/3812/IOCL/MARATHAHALLI,734516737992,1680.0,,499680.36
20-09-2023,20-09-2023,IMPS/P2A/636663732006/KARTHIKMENON/AXIS,636663732006,,1200.0,500880.36
20-09-2023,20-09-2023,BIL/INFT/735273322705/UBER/PAYMENT,735273322705,5200.0,,495680.36
20-09-2023,20-09-2023,ATM WDL/5536/KORAMANGALA,119905704753,3499.0,,492181.36
21-09-2023,21-09-2023,ATM WDL/5504/MYSURU,591262282973,1680.0,,490501.36
22-09-2023,22-09-2023,IMPS/P2A/062625263899/RANJITSINGH/AXIS,062625263899,,24000.0,514501.36
25-09-2023,25-09-2023,BIL/INFT/410794111728/MEDPLUS/PAYMENT,410794111728,5200.0,,509301.36
25-09-2023,25-09-2023,CREDIT INTEREST CAPITALISED,475100919274,,219.08,509520.44
25-09-2023,25-09-2023,GST ON BANK CHARGES,477480525991,17.7,,509502.74
25-09-2023,25-09-2023,BIL/INFT/502305046127/AIRTEL/PAYMENT,502305046127,3499.0,,506003.74
25-09-2023,25-09-2023,IMPS/P2A/531934929258/LALITHADEVI/AXIS,531934929258,,850.0,506853.74
25-09-2023,25-09-2023,POS/9468/DMART/HSR LAYOUT,462792249158,1680.0,,505173.74
26-09-2023,26-09-2023,ATM WDL/1305/MARATHAHALLI,343178913840,999.0,,504174.74
27-09-2023,27-09-2023,POS/3981/BOOKMYSHOW/MARATHAHALLI,045196645067,1250.0,,502924.74
28-09-2023,28-09-2023,BIL/INFT/265953926109/APOLLO PHARMACY/PAYMENT,265953926109,249.0,,502675.74
28-09-2023,28-09-2023,ATM WDL/0592/PUNE,337627894668,1250.0,,501425.74
29-09-2023,29-09-2023,IMPS/P2A/189725021318/GEETADEVI/AXIS,189725021318,,18500.0,519925.74
30-09-2023,30-09-2023,UPI/P2A/298296720488/vikramnair52@oksbi/PAY,298296720488,79.0,,519846.74
01-10-2023,01-10-2023,IMPS/P2A/114013111224/DEEPAKJOSHI/AXIS,114013111224,,24000.0,543846.74
01-10-2023,01-10-2023,NEFT/CR/279710342015/PAYROLL,603470012743,,61250.0,605096.74
01-10-2023,01-10-2023,ATM WDL/0962/MANGALURU,144402759615,699.0,,604397.74
01-10-2023,01-10-2023,BIL/INFT/012048108089/IRCTC/PAYMENT,012048108089,850.0,,603547.74
03-10-2023,03-10-2023,ATM WDL/8993/INDIRANAGAR,337123828583,999.0,,602548.74
04-10-2023,04-10-2023,IMPS/P2A/241879136078/MEERAPILLAI/AXIS,241879136078,,500.0,603048.74
04-10-2023,04-10-2023,UPI/P2A/743958146677/meerapilla673@okhdfcbank/PAY,743958146677,3499.0,,599549.74
05-10-2023,05-10-2023,ATM WDL/6072/WHITEFIELD,742554597680,5200.0,,594349.74
05-10-2023,05-10-2023,NEFT DR-HDFC0678475-MEERA PILLAI-788994765927-RENT,029477880424,18000.0,,576349.74
06-10-2023,06-10-2023,BIL/INFT/015884554030/FLIPKART/PAYMENT,015884554030,999.0,,575350.74
09-10-2023,09-10-2023,IMPS/P2A/064661776585/ARCHANAPILLAI/AXIS,064661776585,,7500.0,582850.74
09-10-2023,09-10-2023,BIL/INFT/379956343315/FLIPKART/PAYMENT,379956343315,449.0,,582401.74
09-10-2023,09-10-2023,BIL/INFT/542935757679/RELIANCE FRESH/PAYMENT,542935757679,850.0,,581551.74
09-10-2023,09-10-2023,POS/0974/FLIPKART/SECUNDERABAD,013217170969,850.0,,580701.74
11-10-2023,11-10-2023,POS/4334/UBER/BTM LAYOUT,543443503742,5200.0,,575501.74
13-10-2023,13-10-2023,ATM WDL/3504/MANGALURU,980947357525,449.0,,575052.74
14-10-2023,14-10-2023,BIL/INFT/246063153070/FLIPKART/PAYMENT,246063153070,3499.0,,571553.74
14-10-2023,14-10-2023,UPI/P2A/069387318410/sunilshett119@okhdfcbank/PAY,069387318410,449.0,,571104.74
15-10-2023,15-10-2023,ATM WDL/4062/INDIRANAGAR,642152207166,449.0,,570655.74
15-10-2023,15-10-2023,ATM WDL/0129/SECUNDERABAD,585462997543,699.0,,569956.74
15-10-2023,15-10-2023,BIL/INFT/322522775292/IRCTC/PAYMENT,322522775292,449.0,,569507.74
15-10-2023,15-10-2023,UPI/P2A/565469574822/lathadevi572@okaxis/PAY,565469574822,699.0,,568808.74
16-10-2023,16-10-2023,POS/1008/OLA/INDIRANAGAR,723846228017,249.0,,568559.74
18-10-2023,18-10-2023,IMPS/P2A/306455276657/AYESHAKHAN/AXIS,306455276657,,1200.0,569759.74
21-10-2023,21-10-2023,POS/4383/ZOMATO/JAYANAGAR,706153952017,249.0,,569510.74
21-10-2023,21-10-2023,BIL/INFT/448698079521/FLIPKART/PAYMENT,448698079521,850.0,,568660.74
22-10-2023,22-10-2023,BIL/INFT/613293963226/BPCL/PAYMENT,613293963226,699.0,,567961.74
22-10-2023,22-10-2023,BIL/INFT/068958237997/BESCOM/PAYMENT,068958237997,999.0,,566962.74
23-10-2023,23-10-2023,ATM WDL/4802/BANJARA HILLS,226719428019,699.0,,566263.74
23-10-2023,23-10-2023,UPI/P2A/819925025158/gopalnaik119@paytm/PAY,819925025158,699.0,,565564.74
24-10-2023,24-10-2023,BIL/INFT/522088831756/HPCL/PAYMENT,522088831756,699.0,,564865.74
25-10-2023,25-10-2023,ATM WDL/4098/BTM LAYOUT,129018501591,850.0,,564015.74
25-10-2023,25-10-2023,UPI/P2A/893273040203/rahulsingh455@okaxis/PAY,893273040203,1250.0,,562765.74
26-10-2023,26-10-2023,IMPS/P2A/092302867985/CHANDANSHARMA/AXIS,092302867985,,850.0,563615.74
29-10-2023,29-10-2023,ATM WDL/0489/SECUNDERABAD,203499788962,3499.0,,560116.74
29-10-2023,29-10-2023,IMPS/P2A/842429496967/RAVIKUMAR/AXIS,842429496967,,1200.0,561316.74
29-10-2023,29-10-2023,ATM WDL/3788/WHITEFIELD,741621962325,79.0,,561237.74
30-10-2023,30-10-2023,POS/0819/BOOKMYSHOW/MANGALURU,406026963352,1680.0,,559557.74
30-10-2023,30-10-2023,NEFT-036925906029-BENGALURU METRO SERVICES-REIMB-680405-HDFC0269433,955780118538,,18500.0,578057.74
02-11-2023,02-11-2023,UPI/P2A/699456728365/meerapilla912@oksbi/PAY,699456728365,2380.0,,575677.74
03-11-2023,03-11-2023,POS/8885/BESCOM/MYSURU,250071389903,7800.0,,567877.74
03-11-2023,03-11-2023,NEFT/CR/005936711362/PAYROLL,032414747639,,62500.0,630377.74
03-11-2023,03-11-2023,ATM WDL/4214/BTM LAYOUT,272966099031,310.0,,630067.74
03-11-2023,03-11-2023,ATM WDL/1889/KORAMANGALA,388371930381,79.0,,629988.74
04-11-2023,04-11-2023,UPI/P2A/481501534827/santoshiye811@paytm/PAY,481501534827,3499.0,,626489.74
04-11-2023,04-11-2023,NEFT DR-HDFC0921835-FARHAN KHAN-573244598072-RENT,811590017046,18000.0,,608489.74
04-11-2023,04-11-2023,POS/7598/JIO/PUNE,099693791942,3499.0,,604990.74
04-11-2023,04-11-2023,ATM WDL/1975/JAYANAGAR,988686714238,5200.0,,599790.74
06-11-2023,06-11-2023,BIL/INFT/018852630668/IOCL/PAYMENT,018852630668,79.0,,599711.74
06-11-2023,06-11-2023,POS/1209/BESCOM/MYSURU,697109623365,850.0,,598861.74
06-11-2023,06-11-2023,BIL/INFT/467746328089/ZOMATO/PAYMENT,467746328089,999.0,,597862.74
08-11-2023,08-11-2023,POS/7733/BESCOM/SECUNDERABAD,411098366907,1250.0,,596612.74
08-11-2023,08-11-2023,POS/9846/IRCTC/WHITEFIELD,391357013586,2380.0,,594232.74
09-11-2023,09-11-2023,UPI/P2A/653126388367/santoshiye73@okhdfcbank/PAY,653126388367,999.0,,593233.74
10-11-2023,10-11-2023,BIL/INFT/529746482221/APOLLO PHARMACY/PAYMENT,529746482221,249.0,,592984.74
11-11-2023,11-11-2023,ATM WDL/0137/KUKATPALLY,028355196710,1680.0,,591304.74
13-11-2023,13-11-2023,POS/1376/DMART/BTM LAYOUT,114270479585,79.0,,591225.74
13-11-2023,13-11-2023,POS/1501/BOOKMYSHOW/MUMBAI,058011902189,2380.0,,588845.74
14-11-2023,14-11-2023,ATM WDL/7793/MUMBAI,761014598442,49.0,,588796.74
14-11-2023,14-11-2023,ATM WDL/9154/WHITEFIELD,064499552811,49.0,,588747.74
14-11-2023,14-11-2023,IMPS/P2A/867744976208/VENKATRAO/AXIS,867744976208,,18500.0,607247.74
15-11-2023,15-11-2023,BIL/INFT/594257060217/SWIGGY/PAYMENT,594257060217,699.0,,606548.74
15-11-2023,15-11-2023,POS/6221/BOOKMYSHOW/HYDERABAD,491528484640,7800.0,,598748.74
16-11-2023,16-11-2023,ATM WDL/0686/MANGALURU,549563350073,249.0,,598499.74
17-11-2023,17-11-2023,IMPS/P2A/064571238127/KAVYAREDDY/AXIS,064571238127,,2500.0,600999.74
18-11-2023,18-11-2023,IMPS/P2A/610212225635/GOPALNAIK/AXIS,610212225635,,11200.0,612199.74
18-11-2023,18-11-2023,ATM WDL/7442/WHITEFIELD,697346236321,120.0,,612079.74
19-11-2023,19-11-2023,IMPS/P2A/989068104169/RANJITSINGH/AXIS,989068104169,,500.0,612579.74
20-11-2023,20-11-2023,UPI/P2A/962886251682/rohitsharm826@oksbi/PAY,962886251682,699.0,,611880.74
20-11-2023,20-11-2023,BIL/INFT/362939727311/APOLLO PHARMACY/PAYMENT,362939727311,5200.0,,606680.74
20-11-2023,20-11-2023,ATM WDL/5428/BANJARA HILLS,512202514571,850.0,,605830.74
21-11-2023,21-11-2023,UPI/P2A/681997741576/mohandas565@okhdfcbank/PAY,681997741576,1680.0,,604150.74
21-11-2023,21-11-2023,POS/6701/ZOMATO/INDIRANAGAR,598393442788,449.0,,603701.74
21-11-2023,21-11-2023,ATM WDL/7633/HYDERABAD,875423184840,120.0,,603581.74
21-11-2023,21-11-2023,BIL/INFT/607986652657/IOCL/PAYMENT,607986652657,850.0,,602731.74
22-11-2023,22-11-2023,POS/0220/BOOKMYSHOW/BANJARA HILLS,472717147528,5200.0,,597531.74
23-11-2023,23-11-2023,IMPS/P2A/691098659244/AYESHAKHAN/AXIS,691098659244,,2500.0,600031.74
24-11-2023,24-11-2023,BIL/INFT/278970681687/BESCOM/PAYMENT,278970681687,850.0,,599181.74
24-11-2023,24-11-2023,IMPS/P2A/007434889278/MEENAIYER/AXIS,007434889278,,4800.0,603981.74
27-11-2023,27-11-2023,ATM WDL/7444/JAYANAGAR,767712586684,850.0,,603131.74
27-11-2023,27-11-2023,IMPS/P2A/708977451158/NILESHKULKARNI/AXIS,708977451158,,4800.0,607931.74
27-11-2023,27-11-2023,BIL/INFT/259642092511/FLIPKART/PAYMENT,259642092511,1250.0,,606681.74
28-11-2023,28-11-2023,ATM WDL/4306/MANGALURU,639959264461,999.0,,605682.74
29-11-2023,29-11-2023,POS/3034/BPCL/INDIRANAGAR,387950539219,2380.0,,603302.74
29-11-2023,29-11-2023,UPI/P2A/418181722008/rajeshverm883@oksbi/PAY,418181722008,120.0,,603182.74
01-12-2023,01-12-2023,IMPS/P2A/927517168767/TANVIRAO/AXIS,927517168767,,4800.0,607982.74
03-12-2023,03-12-2023,IMPS/P2A/638430064077/BABULAL/AXIS,638430064077,,7500.0,615482.74
03-12-2023,03-12-2023,NEFT/CR/140823308126/PAYROLL,974940697363,,61250.0,676732.74
04-12-2023,04-12-2023,IMPS/P2A/531002044717/VIKRAMNAIR/AXIS,531002044717,,1200.0,677932.74
04-12-2023,04-12-2023,ATM WDL/0836/BTM LAYOUT,872132303471,5200.0,,672732.74
05-12-2023,05-12-2023,UPI/P2A/786383265938/gopalnaik324@oksbi/PAY,786383265938,449.0,,672283.74
06-12-2023,06-12-2023,NEFT DR-HDFC0477811-MEERA PILLAI-866747649620-RENT,594047203486,18000.0,,654283.74
07-12-2023,07-12-2023,POS/3356/HPCL/WHITEFIELD,144755830633,120.0,,654163.74
08-12-2023,08-12-2023,BIL/INFT/464213802621/BOOKMYSHOW/PAYMENT,464213802621,1680.0,,652483.74
09-12-2023,09-12-2023,UPI/P2A/328893183411/smitharao199@okaxis/PAY,328893183411,699.0,,651784.74
09-12-2023,09-12-2023,IMPS/P2A/692083145028/ANANDKUMAR/AXIS,692083145028,,4800.0,656584.74
09-12-2023,09-12-2023,BIL/INFT/251444107804/IRCTC/PAYMENT,251444107804,5200.0,,651384.74
10-12-2023,10-12-2023,ATM WDL/1311/MARATHAHALLI,337901523459,1680.0,,649704.74
10-12-2023,10-12-2023,IMPS/P2A/432216696215/NAVEENKUMAR/AXIS,432216696215,,2500.0,652204.74
11-12-2023,11-12-2023,BIL/INFT/987242067989/BPCL/PAYMENT,987242067989,120.0,,652084.74
12-12-2023,12-12-2023,POS/2512/AMAZON/KUKATPALLY,355416400993,2380.0,,649704.74
12-12-2023,12-12-2023,ATM WDL/6443/HYDERABAD,299120209916,449.0,,649255.74
13-12-2023,13-12-2023,BIL/INFT/142843054193/MEDPLUS/PAYMENT,142843054193,1680.0,,647575.74
15-12-2023,15-12-2023,UPI/P2A/047933118840/arjunmehta833@paytm/PAY,047933118840,120.0,,647455.74
15-12-2023,15-12-2023,POS/9107/IOCL/BTM LAYOUT,872752996829,49.0,,647406.74
15-12-2023,15-12-2023,UPI/P2A/564041867044/rahulsingh397@ybl/PAY,564041867044,999.0,,646407.74
16-12-2023,16-12-2023,UPI/P2A/424361634100/mohandas339@oksbi/PAY,424361634100,249.0,,646158.74
17-12-2023,17-12-2023,BIL/INFT/392819408710/MEDPLUS/PAYMENT,392819408710,79.0,,646079.74
17-12-2023,17-12-2023,IMPS/P2A/412846500653/VENKATRAO/AXIS,412846500653,,500.0,646579.74
18-12-2023,18-12-2023,POS/3408/MEDPLUS/WHITEFIELD,900096603453,850.0,,645729.74
19-12-2023,19-12-2023,UPI/P2A/538666561110/vinaypatil525@okhdfcbank/PAY,538666561110,120.0,,645609.74
20-12-2023,20-12-2023,BIL/INFT/475092944882/IRCTC/PAYMENT,475092944882,449.0,,645160.74
20-12-2023,20-12-2023,ATM WDL/4367/MANGALURU,693395464031,1250.0,,643910.74
21-12-2023,21-12-2023,BIL/INFT/763435665484/AMAZON/PAYMENT,763435665484,449.0,,643461.74
21-12-2023,21-12-2023,NEFT-960724946233-BENGALURU METRO SERVICES-REIMB-680405-HDFC0758392,472451553382,,24000.0,667461.74
21-12-2023,21-12-2023,POS/5748/APOLLO PHARMACY/KUKATPALLY,205784931639,249.0,,667212.74
21-12-2023,21-12-2023,BIL/INFT/362080313325/FLIPKART/PAYMENT,362080313325,1680.0,,665532.74
23-12-2023,23-12-2023,IMPS/P2A/894727446484/LATHAMURTHY/AXIS,894727446484,,11200.0,676732.74
25-12-2023,25-12-2023,ATM WDL/6669/INDIRANAGAR,063147494538,49.0,,676683.74
25-12-2023,25-12-2023,IMPS/P2A/752348045672/BINDHUNAIR/AXIS,752348045672,,2500.0,679183.74
26-12-2023,26-12-2023,UPI/P2A/084249422103/divyamenon194@okhdfcbank/PAY,084249422103,5200.0,,673983.74
26-12-2023,26-12-2023,POS/0022/AMAZON/BANJARA HILLS,411412077372,699.0,,673284.74
27-12-2023,27-12-2023,IMPS/P2A/398790574267/IMRANKHAN/AXIS,398790574267,,4800.0,678084.74
27-12-2023,27-12-2023,ATM WDL/2447/HSR LAYOUT,254312141289,699.0,,677385.74
01-01-2024,01-01-2024,NEFT/CR/635287506081/PAYROLL,963681752516,,61250.0,738635.74
01-01-2024,01-01-2024,UPI/P2A/490269295434/santoshiye349@okaxis/PAY,490269295434,699.0,,737936.74
01-01-2024,01-01-2024,ATM WDL/6444/HYDERABAD,255824377279,1680.0,,736256.74
03-01-2024,03-01-2024,POS/0028/OLA/HYDERABAD,428140628511,79.0,,736177.74
03-01-2024,03-01-2024,BIL/INFT/509237396748/JIO/PAYMENT,509237396748,1680.0,,734497.74
05-01-2024,05-01-2024,IMPS/P2A/320960663803/LAKSHMIVENKAT/AXIS,320960663803,,500.0,734997.74
05-01-2024,05-01-2024,ATM WDL/1184/WHITEFIELD,220204578509,2380.0,,732617.74
06-01-2024,06-01-2024,IMPS/P2A/385572962791/VIKRAMNAIR/AXIS,385572962791,,1200.0,733817.74
06-01-2024,06-01-2024,BIL/INFT/375924766810/DMART/PAYMENT,375924766810,49.0,,733768.74
06-01-2024,06-01-2024,NEFT DR-HDFC0024422-ANJALI RAO-822989393027-RENT,927166812561,18000.0,,715768.74
07-01-2024,07-01-2024,BIL/INFT/783688240127/DMART/PAYMENT,783688240127,249.0,,715519.74
07-01-2024,07-01-2024,BIL/INFT/933737669104/JIO/PAYMENT,933737669104,79.0,,715440.74
08-01-2024,08-01-2024,UPI/P2A/446718417416/meerapilla533@ybl/PAY,446718417416,699.0,,714741.74
09-01-2024,09-01-2024,IMPS/P2A/094347571325/SUSHMARAO/AXIS,094347571325,,500.0,715241.74
09-01-2024,09-01-2024,UPI/P2A/507568858713/sunilshett514@okaxis/PAY,507568858713,5200.0,,710041.74
11-01-2024,11-01-2024,UPI/P2A/785103647282/tarageorge110@ybl/PAY,785103647282,79.0,,709962.74
11-01-2024,11-01-2024,BIL/INFT/731334079218/AIRTEL/PAYMENT,731334079218,2380.0,,707582.74
12-01-2024,12-01-2024,BIL/INFT/360214084094/BOOKMYSHOW/PAYMENT,360214084094,850.0,,706732.74
14-01-2024,14-01-2024,IMPS/P2A/326505809046/SANTOSHKUMAR/AXIS,326505809046,,18500.0,725232.74
15-01-2024,15-01-2024,IMPS/P2A/564851443226/ARCHANAPILLAI/AXIS,564851443226,,4800.0,730032.74
15-01-2024,15-01-2024,ATM WDL/8281/INDIRANAGAR,140843144519,7800.0,,722232.74
15-01-2024,15-01-2024,BIL/INFT/598121369897/JIO/PAYMENT,598121369897,5200.0,,717032.74
15-01-2024,15-01-2024,ATM WDL/6889/BTM LAYOUT,207988769483,999.0,,716033.74
16-01-2024,16-01-2024,UPI/P2A/407304126800/smitharao478@paytm/PAY,407304126800,2380.0,,713653.74
16-01-2024,16-01-2024,ATM WDL/3522/PUNE,343929680547,850.0,,712803.74
17-01-2024,17-01-2024,POS/3529/MEDPLUS/MARATHAHALLI,256499698559,120.0,,712683.74
17-01-2024,17-01-2024,UPI/P2A/592370398458/reshmakhan219@oksbi/PAY,592370398458,1680.0,,711003.74
18-01-2024,18-01-2024,UPI/P2A/240858209558/smitharao269@okaxis/PAY,240858209558,699.0,,710304.74
19-01-2024,19-01-2024,ATM WDL/7133/PUNE,004339451222,2380.0,,707924.74
19-01-2024,19-01-2024,UPI/P2A/434775425410/vikramnair494@okhdfcbank/PAY,434775425410,1250.0,,706674.74
20-01-2024,20-01-2024,UPI/P2A/428465542046/vinaypatil454@paytm/PAY,428465542046,5200.0,,701474.74
20-01-2024,20-01-2024,IMPS/P2A/222010922728/RAHULSINGH/AXIS,222010922728,,7500.0,708974.74
22-01-2024,22-01-2024,UPI/P2A/484677829820/santoshiye194@paytm/PAY,484677829820,699.0,,708275.74
22-01-2024,22-01-2024,POS/5377/IOCL/SECUNDERABAD,390258329684,2380.0,,705895.74
22-01-2024,22-01-2024,BIL/INFT/875816358091/UBER/PAYMENT,875816358091,310.0,,705585.74
23-01-2024,23-01-2024,UPI/P2A/783696720685/smitharao841@okaxis/PAY,783696720685,249.0,,705336.74
23-01-2024,23-01-2024,ATM WDL/4873/SECUNDERABAD,409869007409,3499.0,,701837.74
24-01-2024,24-01-2024,IMPS/P2A/377544488771/KIRANREDDY/AXIS,377544488771,,2500.0,704337.74
25-01-2024,25-01-2024,IMPS/P2A/613108187161/DEEPAKJOSHI/AXIS,613108187161,,11200.0,715537.74
25-01-2024,25-01-2024,ATM WDL/3541/HYDERABAD,066743214630,1680.0,,713857.74
25-01-2024,25-01-2024,BIL/INFT/571024531416/PVR CINEMAS/PAYMENT,571024531416,449.0,,713408.74
25-01-2024,25-01-2024,UPI/P2A/619880711667/ayeshakhan915@okhdfcbank/PAY,619880711667,3499.0,,709909.74
25-01-2024,25-01-2024,ATM WDL/9576/HYDERABAD,479218221954,850.0,,709059.74
26-01-2024,26-01-2024,BIL/INFT/288408195567/SWIGGY/PAYMENT,288408195567,310.0,,708749.74
27-01-2024,27-01-2024,IMPS/P2A/984687815103/SUNILYADAV/AXIS,984687815103,,500.0,709249.74
28-01-2024,28-01-2024,IMPS/P2A/840767912639/PADMARAO/AXIS,840767912639,,18500.0,727749.74
29-01-2024,29-01-2024,POS/2996/MEDPLUS/PUNE,887734640230,1250.0,,726499.74
30-01-2024,30-01-2024,IMPS/P2A/359145230456/POOJASHARMA/AXIS,359145230456,,24000.0,750499.74
31-01-2024,31-01-2024,ATM WDL/4536/WHITEFIELD,019442552898,120.0,,750379.74
31-01-2024,31-01-2024,POS/7350/BOOKMYSHOW/BANJARA HILLS,641197102599,999.0,,749380.74
01-02-2024,01-02-2024,ATM WDL/2528/WHITEFIELD,588251020021,249.0,,749131.74
02-02-2024,02-02-2024,IMPS/P2A/680548418687/TARASINGH/AXIS,680548418687,,4800.0,753931.74
02-02-2024,02-02-2024,NEFT/CR/726365919807/PAYROLL,164160926348,,62500.0,816431.74
02-02-2024,02-02-2024,BIL/INFT/942402245850/PVR CINEMAS/PAYMENT,942402245850,1680.0,,814751.74
03-02-2024,03-02-2024,BIL/INFT/577545755358/APOLLO PHARMACY/PAYMENT,577545755358,1680.0,,813071.74
04-02-2024,04-02-2024,BIL/INFT/416423645880/HPCL/PAYMENT,416423645880,1250.0,,811821.74
05-02-2024,05-02-2024,BIL/INFT/553379248281/BOOKMYSHOW/PAYMENT,553379248281,699.0,,811122.74
05-02-2024,05-02-2024,IMPS/P2A/338253968024/REKHAPILLAI/AXIS,338253968024,,2500.0,813622.74
05-02-2024,05-02-2024,NEFT DR-HDFC0378758-KIRAN REDDY-935456312747-RENT,482239021361,18000.0,,795622.74
06-02-2024,06-02-2024,UPI/P2A/457266114435/divyamenon128@ybl/PAY,457266114435,699.0,,794923.74
06-02-2024,06-02-2024,ATM WDL/3908/MUMBAI,731658960963,1680.0,,793243.74
07-02-2024,07-02-2024,POS/9622/IRCTC/KUKATPALLY,888364656429,999.0,,792244.74
08-02-2024,08-02-2024,BIL/INFT/348754556664/RELIANCE FRESH/PAYMENT,348754556664,5200.0,,787044.74
08-02-2024,08-02-2024,UPI/P2A/953005740381/farhankhan901@ybl/PAY,953005740381,79.0,,786965.74
09-02-2024,09-02-2024,UPI/P2A/379676835980/sunilshett12@okaxis/PAY,379676835980,49.0,,786916.74
13-02-2024,13-02-2024,ATM WDL/5966/WHITEFIELD,797286980001,699.0,,786217.74
15-02-2024,15-02-2024,ATM WDL/5260/WHITEFIELD,477359144160,1250.0,,784967.74
15-02-2024,15-02-2024,POS/2315/BPCL/BANJARA HILLS,755854012726,2380.0,,782587.74
15-02-2024,15-02-2024,BIL/INFT/342576843486/AIRTEL/PAYMENT,342576843486,120.0,,782467.74
15-02-2024,15-02-2024,UPI/P2A/911934660885/kiranreddy139@okhdfcbank/PAY,911934660885,310.0,,782157.74
16-02-2024,16-02-2024,ATM WDL/3082/SECUNDERABAD,671960941733,999.0,,781158.74
16-02-2024,16-02-2024,ATM WDL/4445/WHITEFIELD,143380794302,3499.0,,777659.74
18-02-2024,18-02-2024,ATM WDL/7308/WHITEFIELD,841068627044,5200.0,,772459.74
18-02-2024,18-02-2024,ATM WDL/9101/SECUNDERABAD,142937859170,79.0,,772380.74
19-02-2024,19-02-2024,UPI/P2A/172299722871/naveenkuma24@okaxis/PAY,172299722871,1680.0,,770700.74
20-02-2024,20-02-2024,UPI/P2A/291775008064/divyamenon763@paytm/PAY,291775008064,249.0,,770451.74
21-02-2024,21-02-2024,BIL/INFT/110683763610/IOCL/PAYMENT,110683763610,699.0,,769752.74
23-02-2024,23-02-2024,ATM WDL/3887/INDIRANAGAR,125163716081,449.0,,769303.74
23-02-2024,23-02-2024,IMPS/P2A/871941581057/MALLIKADAS/AXIS,871941581057,,24000.0,793303.74
24-02-2024,24-02-2024,BIL/INFT/455652813162/IOCL/PAYMENT,455652813162,120.0,,793183.74
26-02-2024,26-02-2024,POS/4641/BOOKMYSHOW/HSR LAYOUT,563217410312,2380.0,,790803.74
27-02-2024,27-02-2024,IMPS/P2A/330149816540/VENKATRAO/AXIS,330149816540,,4800.0,795603.74
28-02-2024,28-02-2024,IMPS/P2A/607304412261/DIVYAMENON/AXIS,607304412261,,1200.0,796803.74
28-02-2024,28-02-2024,ATM WDL/6170/MYSURU,157188957051,449.0,,796354.74
28-02-2024,28-02-2024,POS/0261/OLA/MUMBAI,363685214078,2380.0,,793974.74
29-02-2024,29-02-2024,BIL/INFT/844546399688/MEDPLUS/PAYMENT,844546399688,699.0,,793275.74
29-02-2024,29-02-2024,IMPS/P2A/249450019083/SURESHNAIR/AXIS,249450019083,,18500.0,811775.74
29-02-2024,29-02-2024,POS/4464/DMART/MARATHAHALLI,691813089366,3499.0,,808276.74
01-03-2024,01-03-2024,NEFT/CR/109311087008/PAYROLL,948170803356,,62500.0,870776.74
01-03-2024,01-03-2024,IMPS/P2A/393931493984/TARASINGH/AXIS,393931493984,,7500.0,878276.74
03-03-2024,03-03-2024,ATM WDL/7199/JAYANAGAR,431829319803,7800.0,,870476.74
04-03-2024,04-03-2024,NEFT DR-HDFC0794091-KIRAN REDDY-103823070721-RENT,185378267774,31000.0,,839476.74
04-03-2024,04-03-2024,ATM WDL/8368/KORAMANGALA,409041989135,79.0,,839397.74
04-03-2024,04-03-2024,NEFT-416310531569-BENGALURU METRO SERVICES-REIMB-680405-HDFC0359454,627140555538,,12000.0,851397.74
05-03-2024,05-03-2024,ATM WDL/5786/BANJARA HILLS,643643963255,120.0,,851277.74
05-03-2024,05-03-2024,POS/6049/OLA/WHITEFIELD,971190350886,850.0,,850427.74
06-03-2024,06-03-2024,UPI/P2A/946484126597/ayeshakhan139@okhdfcbank/PAY,946484126597,310.0,,850117.74
06-03-2024,06-03-2024,UPI/P2A/836888456518/meerapilla90@ybl/PAY,836888456518,249.0,,849868.74
06-03-2024,06-03-2024,UPI/P2A/976955811888/rohitsharm747@oksbi/PAY,976955811888,1680.0,,848188.74
09-03-2024,09-03-2024,UPI/P2A/248954018711/gopalnaik555@oksbi/PAY,248954018711,699.0,,847489.74
09-03-2024,09-03-2024,POS/1507/RELIANCE FRESH/KUKATPALLY,517981610905,310.0,,847179.74
10-03-2024,10-03-2024,BIL/INFT/951739495472/UBER/PAYMENT,951739495472,999.0,,846180.74
11-03-2024,11-03-2024,UPI/P2A/229103441868/meerapilla893@oksbi/PAY,229103441868,2380.0,,843800.74
11-03-2024,11-03-2024,UPI/P2A/654842148807/rahulsingh567@okhdfcbank/PAY,654842148807,699.0,,843101.74
12-03-2024,12-03-2024,IMPS/P2A/763845969054/TARASINGH/AXIS,763845969054,,24000.0,867101.74
15-03-2024,15-03-2024,UPI/P2A/321969946462/priyanair544@paytm/PAY,321969946462,120.0,,866981.74
15-03-2024,15-03-2024,POS/7794/RELIANCE FRESH/JAYANAGAR,421353440690,1680.0,,865301.74
15-03-2024,15-03-2024,IMPS/P2A/279116261675/SURESHBABU/AXIS,279116261675,,4800.0,870101.74
15-03-2024,15-03-2024,ATM WDL/5034/MARATHAHALLI,534017207278,1250.0,,868851.74
15-03-2024,15-03-2024,IMPS/P2A/919569818800/MEENAIYER/AXIS,919569818800,,850.0,869701.74
16-03-2024,16-03-2024,POS/1799/IOCL/JAYANAGAR,878954935758,5200.0,,864501.74
17-03-2024,17-03-2024,POS/0854/AMAZON/WHITEFIELD,310457043757,120.0,,864381.74
17-03-2024,17-03-2024,POS/5588/BPCL/INDIRANAGAR,323291332925,699.0,,863682.74
19-03-2024,19-03-2024,BIL/INFT/847205846062/IRCTC/PAYMENT,847205846062,1680.0,,862002.74
20-03-2024,20-03-2024,IMPS/P2A/148132967302/DIVYAMENON/AXIS,148132967302,,2500.0,864502.74
20-03-2024,20-03-2024,POS/4595/IRCTC/INDIRANAGAR,266332517390,249.0,,864253.74
21-03-2024,21-03-2024,UPI/P2A/427309813434/farhankhan510@okhdfcbank/PAY,427309813434,310.0,,863943.74
21-03-2024,21-03-2024,UPI/P2A/185317497015/mohandas854@okhdfcbank/PAY,185317497015,49.0,,863894.74
21-03-2024,21-03-2024,BIL/INFT/232074899629/BOOKMYSHOW/PAYMENT,232074899629,1680.0,,862214.74
22-03-2024,22-03-2024,POS/6880/AMAZON/JAYANAGAR,287498278243,120.0,,862094.74
23-03-2024,23-03-2024,BIL/INFT/818056703715/AMAZON/PAYMENT,818056703715,79.0,,862015.74
25-03-2024,25-03-2024,POS/0408/JIO/WHITEFIELD,748929137550,249.0,,861766.74
25-03-2024,25-03-2024,CREDIT INTEREST CAPITALISED,211367418409,,214.25,861980.99
25-03-2024,25-03-2024,GST ON BANK CHARGES,955681806112,17.7,,861963.29
25-03-2024,25-03-2024,POS/5785/SWIGGY/HSR LAYOUT,222262677355,120.0,,861843.29
25-03-2024,25-03-2024,ATM WDL/8540/KORAMANGALA,771596777618,310.0,,861533.29
27-03-2024,27-03-2024,IMPS/P2A/133985840930/ROHITSHARMA/AXIS,133985840930,,850.0,862383.29
31-03-2024,31-03-2024,UPI/P2A/991657554171/rohitsharm96@okaxis/PAY,991657554171,699.0,,861684.29
01-04-2024,01-04-2024,IMPS/P2A/206059061326/HARISHMENON/AXIS,206059061326,,24000.0,885684.29
02-04-2024,02-04-2024,IMPS/P2A/975327417641/LALITHADEVI/AXIS,975327417641,,11200.0,896884.29
02-04-2024,02-04-2024,NEFT/CR/293028386783/PAYROLL,009829263121,,62500.0,959384.29
03-04-2024,03-04-2024,UPI/P2A/542295705865/anjalirao914@ybl/PAY,542295705865,2380.0,,957004.29
03-04-2024,03-04-2024,UPI/P2A/850446920117/divyamenon493@oksbi/PAY,850446920117,3499.0,,953505.29
03-04-2024,03-04-2024,BIL/INFT/246138238939/IRCTC/PAYMENT,246138238939,5200.0,,948305.29
03-04-2024,03-04-2024,UPI/P2A/984505871409/smitharao340@oksbi/PAY,984505871409,850.0,,947455.29
05-04-2024,05-04-2024,POS/1425/SWIGGY/JAYANAGAR,684316891894,49.0,,947406.29
05-04-2024,05-04-2024,POS/6770/AIRTEL/BTM LAYOUT,573555763740,1250.0,,946156.29
05-04-2024,05-04-2024,NEFT DR-HDFC0166390-SANTOSH IYER-814434233975-RENT,498403998146,26500.0,,919656.29
06-04-2024,06-04-2024,IMPS/P2A/933131808577/ADITYAKUMAR/AXIS,933131808577,,4800.0,924456.29
07-04-2024,07-04-2024,POS/0444/IOCL/KUKATPALLY,934426059140,850.0,,923606.29
07-04-2024,07-04-2024,ATM WDL/7629/MYSURU,115944318078,699.0,,922907.29
08-04-2024,08-04-2024,UPI/P2A/649608808407/gopalnaik45@okhdfcbank/PAY,649608808407,999.0,,921908.29
08-04-2024,08-04-2024,ATM WDL/5389/BTM LAYOUT,752442153000,999.0,,920909.29
09-04-2024,09-04-2024,BIL/INFT/786691744876/OLA/PAYMENT,786691744876,999.0,,919910.29
11-04-2024,11-04-2024,BIL/INFT/069381118394/AMAZON/PAYMENT,069381118394,850.0,,919060.29
12-04-2024,12-04-2024,ATM WDL/2661/JAYANAGAR,701058006626,449.0,,918611.29
13-04-2024,13-04-2024,BIL/INFT/340257470151/BOOKMYSHOW/PAYMENT,340257470151,1250.0,,917361.29
14-04-2024,14-04-2024,IMPS/P2A/860845031621/DEEPANAIR/AXIS,860845031621,,7500.0,924861.29
14-04-2024,14-04-2024,ATM WDL/2725/SECUNDERABAD,217810313389,5200.0,,919661.29
18-04-2024,18-04-2024,ATM WDL/1245/INDIRANAGAR,506701159166,449.0,,919212.29
18-04-2024,18-04-2024,ATM WDL/5364/KUKATPALLY,446298827943,850.0,,918362.29
18-04-2024,18-04-2024,IMPS/P2A/518100872946/MEERAPILLAI/AXIS,518100872946,,4800.0,923162.29
18-04-2024,18-04-2024,BIL/INFT/539143343526/UBER/PAYMENT,539143343526,79.0,,923083.29
18-04-2024,18-04-2024,UPI/P2A/247575640249/vikramnair730@oksbi/PAY,247575640249,310.0,,922773.29
20-04-2024,20-04-2024,ATM WDL/9333/KUKATPALLY,833477146992,1250.0,,921523.29
22-04-2024,22-04-2024,IMPS/P2A/577465078610/SUNITADEVI/AXIS,577465078610,,4800.0,926323.29
22-04-2024,22-04-2024,BIL/INFT/517656676237/MEDPLUS/PAYMENT,517656676237,120.0,,926203.29
22-04-2024,22-04-2024,IMPS/P2A/326561797789/AYESHAKHAN/AXIS,326561797789,,850.0,927053.29
23-04-2024,23-04-2024,UPI/P2A/378045653309/naveenkuma255@oksbi/PAY,378045653309,1250.0,,925803.29
23-04-2024,23-04-2024,BIL/INFT/209261290300/BPCL/PAYMENT,209261290300,1680.0,,924123.29
24-04-2024,24-04-2024,ATM WDL/5326/BANJARA HILLS,180998034633,120.0,,924003.29
24-04-2024,24-04-2024,BIL/INFT/671763500959/RELIANCE FRESH/PAYMENT,671763500959,120.0,,923883.29
25-04-2024,25-04-2024,IMPS/P2A/057070880876/MALLIKADAS/AXIS,057070880876,,4800.0,928683.29
26-04-2024,26-04-2024,IMPS/P2A/881487242755/HARISHMENON/AXIS,881487242755,,2500.0,931183.29
26-04-2024,26-04-2024,ATM WDL/2990/PUNE,156984246675,1680.0,,929503.29
27-04-2024,27-04-2024,BIL/INFT/857619110614/BOOKMYSHOW/PAYMENT,857619110614,3499.0,,926004.29
28-04-2024,28-04-2024,BIL/INFT/668898516503/MEDPLUS/PAYMENT,668898516503,2380.0,,923624.29
28-04-2024,28-04-2024,UPI/P2A/504212976216/harishmeno738@okhdfcbank/PAY,504212976216,699.0,,922925.29
30-04-2024,30-04-2024,ATM WDL/2665/MUMBAI,289131021348,449.0,,922476.29
01-05-2024,01-05-2024,POS/1663/AMAZON/MYSURU,885266020268,249.0,,922227.29
02-05-2024,02-05-2024,NEFT/CR/461152751726/PAYROLL,679873759245,,62000.0,984227.29
03-05-2024,03-05-2024,IMPS/P2A/009741536842/MOHAMMEDIRFAN/AXIS,009741536842,,11200.0,995427.29
03-05-2024,03-05-2024,ATM WDL/4269/MUMBAI,527553113324,249.0,,995178.29
03-05-2024,03-05-2024,NEFT-999916206633-BENGALURU METRO SERVICES-REIMB-680405-HDFC0877569,165408161106,,12000.0,1007178.29
04-05-2024,04-05-2024,ATM WDL/6151/HYDERABAD,245585130525,120.0,,1007058.29
04-05-2024,04-05-2024,UPI/P2A/157046449787/divyamenon493@okaxis/PAY,157046449787,699.0,,1006359.29
05-05-2024,05-05-2024,BIL/INFT/543868413192/APOLLO PHARMACY/PAYMENT,543868413192,249.0,,1006110.29
06-05-2024,06-05-2024,NEFT DR-HDFC0950481-SUNIL SHETTY-508143140073-RENT,986246965605,18000.0,,988110.29
07-05-2024,07-05-2024,IMPS/P2A/427675034090/RAMESHGOWDA/AXIS,427675034090,,1200.0,989310.29
08-05-2024,08-05-2024,BIL/INFT/396828030149/SWIGGY/PAYMENT,396828030149,3499.0,,985811.29
09-05-2024,09-05-2024,UPI/P2A/482215754482/vikramnair163@okhdfcbank/PAY,482215754482,449.0,,985362.29
11-05-2024,11-05-2024,ATM WDL/5229/BTM LAYOUT,784616421594,79.0,,985283.29
12-05-2024,12-05-2024,ATM WDL/9918/WHITEFIELD,148239677342,850.0,,984433.29
12-05-2024,12-05-2024,ATM WDL/7088/MANGALURU,286767845412,79.0,,984354.29
12-05-2024,12-05-2024,UPI/P2A/550808412513/mohandas459@paytm/PAY,550808412513,5200.0,,979154.29
13-05-2024,13-05-2024,UPI/P2A/425117872815/harishmeno397@okaxis/PAY,425117872815,79.0,,979075.29
13-05-2024,13-05-2024,BIL/INFT/955837418670/JIO/PAYMENT,955837418670,1680.0,,977395.29
14-05-2024,14-05-2024,IMPS/P2A/869773718425/MEENAIYER/AXIS,869773718425,,7500.0,984895.29
15-05-2024,15-05-2024,IMPS/P2A/409190688640/PRAKASHRAO/AXIS,409190688640,,2500.0,987395.29
16-05-2024,16-05-2024,BIL/INFT/482070200061/OLA/PAYMENT,482070200061,310.0,,987085.29
18-05-2024,18-05-2024,UPI/P2A/418765220053/gopalnaik172@oksbi/PAY,418765220053,3499.0,,983586.29
18-05-2024,18-05-2024,IMPS/P2A/112879333558/ARJUNMEHTA/AXIS,112879333558,,4800.0,988386.29
19-05-2024,19-05-2024,UPI/P2A/037113946899/kavyareddy138@paytm/PAY,037113946899,449.0,,987937.29
19-05-2024,19-05-2024,POS/7831/OLA/MARATHAHALLI,775005098397,79.0,,987858.29
21-05-2024,21-05-2024,IMPS/P2A/898831682017/DEEPANAIR/AXIS,898831682017,,24000.0,1011858.29
21-05-2024,21-05-2024,ATM WDL/4721/HYDERABAD,971770590996,999.0,,1010859.29
22-05-2024,22-05-2024,IMPS/P2A/030160579092/MEENAIYER/AXIS,030160579092,,2500.0,1013359.29
22-05-2024,22-05-2024,BIL/INFT/212962800839/IOCL/PAYMENT,212962800839,2380.0,,1010979.29
22-05-2024,22-05-2024,ATM WDL/9318/BANJARA HILLS,321993736667,120.0,,1010859.29
22-05-2024,22-05-2024,ATM WDL/3116/BTM LAYOUT,349666591822,120.0,,1010739.29
26-05-2024,26-05-2024,ATM WDL/8398/MYSURU,836090201634,1250.0,,1009489.29
26-05-2024,26-05-2024,NEFT-977752650625-BENGALURU METRO SERVICES-REIMB-680405-HDFC0623973,593072771833,,24000.0,1033489.29
27-05-2024,27-05-2024,UPI/P2A/907103981649/vinaypatil531@okaxis/PAY,907103981649,310.0,,1033179.29
27-05-2024,27-05-2024,POS/5101/FLIPKART/BANJARA HILLS,779453537009,850.0,,1032329.29
28-05-2024,28-05-2024,BIL/INFT/729283786063/APOLLO PHARMACY/PAYMENT,729283786063,49.0,,1032280.29
28-05-2024,28-05-2024,BIL/INFT/645074548635/AIRTEL/PAYMENT,645074548635,5200.0,,1027080.29
28-05-2024,28-05-2024,NEFT-073581513757-BENGALURU METRO SERVICES-REIMB-680405-HDFC0454062,763293589089,,12000.0,1039080.29
28-05-2024,28-05-2024,BIL/INFT/544457311677/DMART/PAYMENT,544457311677,449.0,,1038631.29
29-05-2024,29-05-2024,IMPS/P2A/107116046750/HARISHMENON/AXIS,107116046750,,2500.0,1041131.29
30-05-2024,30-05-2024,IMPS/P2A/025024124945/TARASINGH/AXIS,025024124945,,500.0,1041631.29
01-06-2024,01-06-2024,NEFT/CR/965732740113/PAYROLL,763330791139,,62500.0,1104131.29
02-06-2024,02-06-2024,UPI/P2A/816941655848/meerapilla480@paytm/PAY,816941655848,5200.0,,1098931.29
02-06-2024,02-06-2024,ATM WDL/8833/BANJARA HILLS,393336052255,999.0,,1097932.29
03-06-2024,03-06-2024,NEFT DR-HDFC0807863-HARISH MENON-336928406741-RENT,914944075468,31000.0,,1066932.29
03-06-2024,03-06-2024,BIL/INFT/432068054250/MEDPLUS/PAYMENT,432068054250,310.0,,1066622.29
05-06-2024,05-06-2024,BIL/INFT/771919923816/APOLLO PHARMACY/PAYMENT,771919923816,699.0,,1065923.29
06-06-2024,06-06-2024,IMPS/P2A/055053150813/BABULAL/AXIS,055053150813,,500.0,1066423.29
09-06-2024,09-06-2024,IMPS/P2A/566506508072/CHANDANSHARMA/AXIS,566506508072,,1200.0,1067623.29
10-06-2024,10-06-2024,BIL/INFT/415770563848/IOCL/PAYMENT,415770563848,1250.0,,1066373.29
10-06-2024,10-06-2024,IMPS/P2A/376729450249/USHARANI/AXIS,376729450249,,2500.0,1068873.29
11-06-2024,11-06-2024,UPI/P2A/332830513282/santoshiye951@okaxis/PAY,332830513282,249.0,,1068624.29
11-06-2024,11-06-2024,UPI/P2A/269263619622/priyanair476@paytm/PAY,269263619622,120.0,,1068504.29
12-06-2024,12-06-2024,POS/9418/RELIANCE FRESH/KORAMANGALA,354534388753,5200.0,,1063304.29
13-06-2024,13-06-2024,ATM WDL/1448/JAYANAGAR,275501546116,2380.0,,1060924.29
13-06-2024,13-06-2024,ATM WDL/5506/BTM LAYOUT,766827836495,449.0,,1060475.29
15-06-2024,15-06-2024,IMPS/P2A/512752177323/NAVEENKUMAR/AXIS,512752177323,,11200.0,1071675.29
16-06-2024,16-06-2024,BIL/INFT/537807195792/FLIPKART/PAYMENT,537807195792,120.0,,1071555.29
16-06-2024,16-06-2024,POS/1305/JIO/KUKATPALLY,066343400767,850.0,,1070705.29
17-06-2024,17-06-2024,UPI/P2A/508222870287/gopalnaik90@paytm/PAY,508222870287,3499.0,,1067206.29
17-06-2024,17-06-2024,BIL/INFT/937066119929/BOOKMYSHOW/PAYMENT,937066119929,5200.0,,1062006.29
20-06-2024,20-06-2024,BIL/INFT/943529900096/JIO/PAYMENT,943529900096,1680.0,,1060326.29
20-06-2024,20-06-2024,IMPS/P2A/934437987897/VINAYPATIL/AXIS,934437987897,,500.0,1060826.29
20-06-2024,20-06-2024,ATM WDL/7072/WHITEFIELD,836563177423,2380.0,,1058446.29
21-06-2024,21-06-2024,ATM WDL/7668/MANGALURU,819899200373,699.0,,1057747.29
21-06-2024,21-06-2024,POS/7088/BPCL/HSR LAYOUT,501730654254,310.0,,1057437.29
22-06-2024,22-06-2024,UPI/P2A/589333154313/naveenkuma527@paytm/PAY,589333154313,1250.0,,1056187.29
23-06-2024,23-06-2024,POS/0745/BOOKMYSHOW/HSR LAYOUT,670827576612,449.0,,1055738.29
23-06-2024,23-06-2024,UPI/P2A/666486943614/farhankhan757@okaxis/PAY,666486943614,7800.0,,1047938.29
23-06-2024,23-06-2024,POS/2166/ZOMATO/KUKATPALLY,076032124516,2380.0,,1045558.29
24-06-2024,24-06-2024,IMPS/P2A/775382897042/TARAGEORGE/AXIS,775382897042,,11200.0,1056758.29
25-06-2024,25-06-2024,UPI/P2A/793492712636/poojasharm421@paytm/PAY,793492712636,120.0,,1056638.29
25-06-2024,25-06-2024,CREDIT INTEREST CAPITALISED,386876391067,,148.78,1056787.07
25-06-2024,25-06-2024,GST ON BANK CHARGES,939903297553,17.7,,1056769.37
25-06-2024,25-06-2024,UPI/P2A/577352583958/gopalnaik529@oksbi/PAY,577352583958,3499.0,,1053270.37
26-06-2024,26-06-2024,POS/8373/BESCOM/WHITEFIELD,259644037011,5200.0,,1048070.37
27-06-2024,27-06-2024,BIL/INFT/163499353315/BOOKMYSHOW/PAYMENT,163499353315,1680.0,,1046390.37
28-06-2024,28-06-2024,UPI/P2A/616121064904/lathadevi219@ybl/PAY,616121064904,449.0,,1045941.37
28-06-2024,28-06-2024,ATM WDL/6750/PUNE,240089263918,1250.0,,1044691.37
30-06-2024,30-06-2024,BIL/INFT/699375340511/MEDPLUS/PAYMENT,699375340511,7800.0,,1036891.37
30-06-2024,30-06-2024,POS/5529/RELIANCE FRESH/KUKATPALLY,047460101373,3499.0,,1033392.37
30-06-2024,30-06-2024,IMPS/P2A/778165757471/IMRANKHAN/AXIS,778165757471,,500.0,1033892.37
30-06-2024,30-06-2024,BIL/INFT/642496284458/SWIGGY/PAYMENT,642496284458,310.0,,1033582.37
01-07-2024,01-07-2024,UPI/P2A/415042580433/reshmakhan718@oksbi/PAY,415042580433,120.0,,1033462.37
02-07-2024,02-07-2024,NEFT/CR/846450228507/PAYROLL,193937629565,,62500.0,1095962.37
03-07-2024,03-07-2024,BIL/INFT/437798208478/IRCTC/PAYMENT,437798208478,850.0,,1095112.37
03-07-2024,03-07-2024,NEFT DR-HDFC0665882-LATHA DEVI-962058863312-RENT,742165691293,26500.0,,1068612.37
03-07-2024,03-07-2024,POS/5926/FLIPKART/HSR LAYOUT,054290138672,249.0,,1068363.37
04-07-2024,04-07-2024,IMPS/P2A/021509419866/IMRANKHAN/AXIS,021509419866,,11200.0,1079563.37
05-07-2024,05-07-2024,BIL/INFT/058690091938/FLIPKART/PAYMENT,058690091938,5200.0,,1074363.37
05-07-2024,05-07-2024,IMPS/P2A/800949900016/SNEHAPATIL/AXIS,800949900016,,7500.0,1081863.37
05-07-2024,05-07-2024,UPI/P2A/613426467944/meerapilla792@ybl/PAY,613426467944,3499.0,,1078364.37
05-07-2024,05-07-2024,POS/6242/DMART/WHITEFIELD,643514012130,850.0,,1077514.37
05-07-2024,05-07-2024,POS/3229/PVR CINEMAS/HSR LAYOUT,618018265276,310.0,,1077204.37
06-07-2024,06-07-2024,BIL/INFT/316601768578/RELIANCE FRESH/PAYMENT,316601768578,999.0,,1076205.37
06-07-2024,06-07-2024,ATM WDL/4148/KORAMANGALA,452923386023,2380.0,,1073825.37
07-07-2024,07-07-2024,UPI/P2A/661457373480/ayeshakhan548@ybl/PAY,661457373480,249.0,,1073576.37
08-07-2024,08-07-2024,ATM WDL/0970/MANGALURU,239692119903,310.0,,1073266.37
09-07-2024,09-07-2024,ATM WDL/0306/MYSURU,098059927217,120.0,,1073146.37
09-07-2024,09-07-2024,POS/2772/BESCOM/BTM LAYOUT,807384308754,999.0,,1072147.37
09-07-2024,09-07-2024,BIL/INFT/625349739838/BESCOM/PAYMENT,625349739838,449.0,,1071698.37
10-07-2024,10-07-2024,UPI/P2A/068142545872/meerapilla670@oksbi/PAY,068142545872,2380.0,,1069318.37
10-07-2024,10-07-2024,UPI/P2A/534955312136/farhankhan738@oksbi/PAY,534955312136,49.0,,1069269.37
11-07-2024,11-07-2024,IMPS/P2A/543318172597/FATIMASHEIKH/AXIS,543318172597,,7500.0,1076769.37
12-07-2024,12-07-2024,UPI/P2A/931164824208/lathadevi446@oksbi/PAY,931164824208,120.0,,1076649.37
13-07-2024,13-07-2024,POS/2616/IRCTC/INDIRANAGAR,694589801480,1680.0,,1074969.37
14-07-2024,14-07-2024,UPI/P2A/208690629396/vinaypatil881@ybl/PAY,208690629396,310.0,,1074659.37
15-07-2024,15-07-2024,UPI/P2A/086901527563/tarageorge444@okaxis/PAY,086901527563,310.0,,1074349.37
15-07-2024,15-07-2024,ATM WDL/7872/KORAMANGALA,702361559895,5200.0,,1069149.37
19-07-2024,19-07-2024,POS/7824/BESCOM/JAYANAGAR,614310830738,999.0,,1068150.37
19-07-2024,19-07-2024,IMPS/P2A/347353763461/SANTOSHIYER/AXIS,347353763461,,500.0,1068650.37
19-07-2024,19-07-2024,UPI/P2A/783557848845/rajeshverm52@okaxis/PAY,783557848845,699.0,,1067951.37
20-07-2024,20-07-2024,BIL/INFT/932172422382/FLIPKART/PAYMENT,932172422382,79.0,,1067872.37
21-07-2024,21-07-2024,IMPS/P2A/771414125397/REKHAPILLAI/AXIS,771414125397,,500.0,1068372.37
22-07-2024,22-07-2024,IMPS/P2A/163086439947/CHANDANSHARMA/AXIS,163086439947,,24000.0,1092372.37
22-07-2024,22-07-2024,ATM WDL/4502/MANGALURU,364973456258,2380.0,,1089992.37
23-07-2024,23-07-2024,UPI/P2A/679179883610/tarageorge697@paytm/PAY,679179883610,449.0,,1089543.37
23-07-2024,23-07-2024,UPI/P2A/478685738796/divyamenon10@ybl/PAY,478685738796,120.0,,1089423.37
24-07-2024,24-07-2024,BIL/INFT/463488351919/AIRTEL/PAYMENT,463488351919,850.0,,1088573.37
25-07-2024,25-07-2024,ATM WDL/4332/KUKATPALLY,554465016525,79.0,,1088494.37
25-07-2024,25-07-2024,IMPS/P2A/150549423551/VENKATRAO/AXIS,150549423551,,24000.0,1112494.37
25-07-2024,25-07-2024,UPI/P2A/491350158333/priyanair270@okaxis/PAY,491350158333,3499.0,,1108995.37
26-07-2024,26-07-2024,UPI/P2A/460230034986/sunilshett141@oksbi/PAY,460230034986,2380.0,,1106615.37
27-07-2024,27-07-2024,POS/0685/RELIANCE FRESH/WHITEFIELD,525662205407,850.0,,1105765.37
28-07-2024,28-07-2024,BIL/INFT/118562103564/AMAZON/PAYMENT,118562103564,310.0,,1105455.37
28-07-2024,28-07-2024,BIL/INFT/983319222319/IRCTC/PAYMENT,983319222319,999.0,,1104456.37
29-07-2024,29-07-2024,BIL/INFT/612766325394/IRCTC/PAYMENT,612766325394,1680.0,,1102776.37
30-07-2024,30-07-2024,IMPS/P2A/941113362982/RAJENDRAPRASAD/AXIS,941113362982,,500.0,1103276.37
31-07-2024,31-07-2024,UPI/P2A/623138492347/rahulsingh598@okhdfcbank/PAY,623138492347,49.0,,1103227.37
31-07-2024,31-07-2024,UPI/P2A/120197397714/ayeshakhan994@oksbi/PAY,120197397714,1250.0,,1101977.37
01-08-2024,01-08-2024,ATM WDL/6340/KORAMANGALA,684905099225,699.0,,1101278.37
02-08-2024,02-08-2024,NEFT/CR/461135048571/PAYROLL,864657044189,,62000.0,1163278.37
03-08-2024,03-08-2024,NEFT DR-HDFC0399071-VIKRAM NAIR-243033945563-RENT,958206074029,18000.0,,1145278.37
05-08-2024,05-08-2024,IMPS/P2A/424516132571/RANJITSINGH/AXIS,424516132571,,24000.0,1169278.37
05-08-2024,05-08-2024,ATM WDL/1427/HSR LAYOUT,312046415307,1680.0,,1167598.37
06-08-2024,06-08-2024,IMPS/P2A/474466596438/MEENAIYER/AXIS,474466596438,,850.0,1168448.37
08-08-2024,08-08-2024,IMPS/P2A/248484671837/ARCHANAPILLAI/AXIS,248484671837,,850.0,1169298.37
08-08-2024,08-08-2024,BIL/INFT/257898157778/HPCL/PAYMENT,257898157778,1680.0,,1167618.37
09-08-2024,09-08-2024,BIL/INFT/821780556165/OLA/PAYMENT,821780556165,310.0,,1167308.37
13-08-2024,13-08-2024,IMPS/P2A/070657566086/MEENAIYER/AXIS,070657566086,,18500.0,1185808.37
14-08-2024,14-08-2024,UPI/P2A/214854209207/vikramnair365@ybl/PAY,214854209207,449.0,,1185359.37
14-08-2024,14-08-2024,IMPS/P2A/368791057116/MEERAPILLAI/AXIS,368791057116,,4800.0,1190159.37
15-08-2024,15-08-2024,POS/1100/BOOKMYSHOW/MUMBAI,919230099640,120.0,,1190039.37
15-08-2024,15-08-2024,UPI/P2A/182421019198/kiranreddy788@paytm/PAY,182421019198,5200.0,,1184839.37
16-08-2024,16-08-2024,UPI/P2A/583221903076/vinaypatil113@oksbi/PAY,583221903076,49.0,,1184790.37
18-08-2024,18-08-2024,IMPS/P2A/200984052306/ARJUNMEHTA/AXIS,200984052306,,2500.0,1187290.37
19-08-2024,19-08-2024,IMPS/P2A/969674834569/SANTOSHIYER/AXIS,969674834569,,7500.0,1194790.37
19-08-2024,19-08-2024,ATM WDL/1439/SECUNDERABAD,877526798837,2380.0,,1192410.37
19-08-2024,19-08-2024,UPI/P2A/679275232986/meerapilla483@okaxis/PAY,679275232986,850.0,,1191560.37
20-08-2024,20-08-2024,POS/3336/RELIANCE FRESH/INDIRANAGAR,004243138513,1680.0,,1189880.37
20-08-2024,20-08-2024,BIL/INFT/987888926415/FLIPKART/PAYMENT,987888926415,5200.0,,1184680.37
21-08-2024,21-08-2024,POS/3691/SWIGGY/SECUNDERABAD,262641554760,850.0,,1183830.37
22-08-2024,22-08-2024,ATM WDL/2859/PUNE,004653071880,699.0,,1183131.37
23-08-2024,23-08-2024,IMPS/P2A/322895003130/RAJENDRAPRASAD/AXIS,322895003130,,850.0,1183981.37
25-08-2024,25-08-2024,UPI/P2A/418766894679/naveenkuma322@ybl/PAY,418766894679,3499.0,,1180482.37
26-08-2024,26-08-2024,POS/5887/BESCOM/BTM LAYOUT,457549141479,249.0,,1180233.37
26-08-2024,26-08-2024,BIL/INFT/026814562192/IRCTC/PAYMENT,026814562192,310.0,,1179923.37
26-08-2024,26-08-2024,ATM WDL/8529/MARATHAHALLI,506921141326,249.0,,1179674.37
27-08-2024,27-08-2024,ATM WDL/2577/HYDERABAD,621235761700,699.0,,1178975.37
27-08-2024,27-08-2024,UPI/P2A/578704125931/smitharao984@oksbi/PAY,578704125931,249.0,,1178726.37
28-08-2024,28-08-2024,POS/5472/BESCOM/INDIRANAGAR,356107457166,1680.0,,1177046.37
31-08-2024,31-08-2024,POS/5663/BESCOM/JAYANAGAR,975827896620,699.0,,1176347.37
02-09-2024,02-09-2024,NEFT/CR/491975885621/PAYROLL,074805503138,,62000.0,1238347.37
02-09-2024,02-09-2024,UPI/P2A/167527419675/anjalirao300@okhdfcbank/PAY,167527419675,1680.0,,1236667.37
04-09-2024,04-09-2024,POS/1360/AIRTEL/INDIRANAGAR,791355287216,120.0,,1236547.37
05-09-2024,05-09-2024,UPI/P2A/698432179016/farhankhan415@okaxis/PAY,698432179016,699.0,,1235848.37
06-09-2024,06-09-2024,POS/4872/IOCL/BTM LAYOUT,135243220186,5200.0,,1230648.37
06-09-2024,06-09-2024,POS/7054/IOCL/BTM LAYOUT,729681972001,1250.0,,1229398.37
06-09-2024,06-09-2024,POS/2319/ZOMATO/SECUNDERABAD,423114928798,1680.0,,1227718.37
07-09-2024,07-09-2024,ATM WDL/2872/WHITEFIELD,762980037222,310.0,,1227408.37
07-09-2024,07-09-2024,NEFT DR-HDFC0124295-KIRAN REDDY-464982299610-RENT,115486729972,31000.0,,1196408.37
07-09-2024,07-09-2024,IMPS/P2A/443674786200/VIKRAMNAIR/AXIS,443674786200,,850.0,1197258.37
08-09-2024,08-09-2024,UPI/P2A/714836537084/priyanair258@okhdfcbank/PAY,714836537084,7800.0,,1189458.37
09-09-2024,09-09-2024,BIL/INFT/989249953082/JIO/PAYMENT,989249953082,1680.0,,1187778.37
11-09-2024,11-09-2024,IMPS/P2A/707855553005/ARJUNMEHTA/AXIS,707855553005,,500.0,1188278.37
13-09-2024,13-09-2024,ATM WDL/3785/PUNE,843576490750,2380.0,,1185898.37
13-09-2024,13-09-2024,BIL/INFT/377492161110/BOOKMYSHOW/PAYMENT,377492161110,79.0,,1185819.37
14-09-2024,14-09-2024,ATM WDL/6555/KUKATPALLY,098888416087,49.0,,1185770.37
15-09-2024,15-09-2024,ATM WDL/8724/SECUNDERABAD,085039833034,1680.0,,1184090.37
16-09-2024,16-09-2024,IMPS/P2A/530466108289/SHEELADEVI/AXIS,530466108289,,11200.0,1195290.37
17-09-2024,17-09-2024,BIL/INFT/911614544296/AMAZON/PAYMENT,911614544296,999.0,,1194291.37
17-09-2024,17-09-2024,UPI/P2A/672204162045/rajeshverm501@paytm/PAY,672204162045,999.0,,1193292.37
17-09-2024,17-09-2024,POS/2964/SWIGGY/KUKATPALLY,291040411762,249.0,,1193043.37
18-09-2024,18-09-2024,BIL/INFT/853130537325/AMAZON/PAYMENT,853130537325,120.0,,1192923.37
18-09-2024,18-09-2024,POS/8136/MEDPLUS/HSR LAYOUT,113959765868,3499.0,,1189424.37
19-09-2024,19-09-2024,ATM WDL/3885/SECUNDERABAD,024287266729,249.0,,1189175.37
22-09-2024,22-09-2024,POS/2389/PVR CINEMAS/HYDERABAD,195435605000,120.0,,1189055.37
22-09-2024,22-09-2024,UPI/P2A/678393098837/poojasharm361@oksbi/PAY,678393098837,310.0,,1188745.37
22-09-2024,22-09-2024,BIL/INFT/755584427359/PVR CINEMAS/PAYMENT,755584427359,79.0,,1188666.37
22-09-2024,22-09-2024,POS/7663/UBER/HYDERABAD,493409007405,249.0,,1188417.37
23-09-2024,23-09-2024,ATM WDL/5376/JAYANAGAR,045500485951,3499.0,,1184918.37
24-09-2024,24-09-2024,BIL/INFT/509850141522/UBER/PAYMENT,509850141522,249.0,,1184669.37
25-09-2024,25-09-2024,CREDIT INTEREST CAPITALISED,374419091045,,211.62,1184880.99
25-09-2024,25-09-2024,GST ON BANK CHARGES,581875529498,17.7,,1184863.29
25-09-2024,25-09-2024,POS/7411/APOLLO PHARMACY/PUNE,848286956565,5200.0,,1179663.29
26-09-2024,26-09-2024,POS/1067/BPCL/KORAMANGALA,246441173722,5200.0,,1174463.29
27-09-2024,27-09-2024,ATM WDL/2324/HYDERABAD,751900560033,79.0,,1174384.29
27-09-2024,27-09-2024,IMPS/P2A/983777163823/SUNITADEVI/AXIS,983777163823,,850.0,1175234.29
01-10-2024,01-10-2024,NEFT/CR/363055559675/PAYROLL,222468620191,,61250.0,1236484.29
01-10-2024,01-10-2024,BIL/INFT/707901964958/HPCL/PAYMENT,707901964958,449.0,,1236035.29
01-10-2024,01-10-2024,ATM WDL/0306/BTM LAYOUT,257687393632,5200.0,,1230835.29
02-10-2024,02-10-2024,BIL/INFT/250880887992/UBER/PAYMENT,250880887992,3499.0,,1227336.29
03-10-2024,03-10-2024,UPI/P2A/774951173995/anjalirao728@ybl/PAY,774951173995,999.0,,1226337.29
03-10-2024,03-10-2024,NEFT DR-HDFC0425870-SMITHA RAO-284119481809-RENT,994956867324,18000.0,,1208337.29
03-10-2024,03-10-2024,IMPS/P2A/612515101163/NAVEENKUMAR/AXIS,612515101163,,24000.0,1232337.29
03-10-2024,03-10-2024,IMPS/P2A/584198020039/TARASINGH/AXIS,584198020039,,11200.0,1243537.29
04-10-2024,04-10-2024,POS/0370/AMAZON/HSR LAYOUT,586609355574,49.0,,1243488.29
05-10-2024,05-10-2024,UPI/P2A/178570309969/lathadevi678@ybl/PAY,178570309969,310.0,,1243178.29
05-10-2024,05-10-2024,IMPS/P2A/373583091742/ANANDKUMAR/AXIS,373583091742,,7500.0,1250678.29
07-10-2024,07-10-2024,POS/3823/AIRTEL/HSR LAYOUT,491341987400,3499.0,,1247179.29
07-10-2024,07-10-2024,BIL/INFT/235498949647/RELIANCE FRESH/PAYMENT,235498949647,2380.0,,1244799.29
07-10-2024,07-10-2024,IMPS/P2A/748274487082/RAJENDRAPRASAD/AXIS,748274487082,,18500.0,1263299.29
08-10-2024,08-10-2024,BIL/INFT/528462507361/ZOMATO/PAYMENT,528462507361,7800.0,,1255499.29
08-10-2024,08-10-2024,IMPS/P2A/623993752276/PRADEEPSINGH/AXIS,623993752276,,24000.0,1279499.29
08-10-2024,08-10-2024,IMPS/P2A/307626293673/NADIAHUSSAIN/AXIS,307626293673,,4800.0,1284299.29
09-10-2024,09-10-2024,ATM WDL/3811/HYDERABAD,697511717487,699.0,,1283600.29
09-10-2024,09-10-2024,BIL/INFT/217588006414/SWIGGY/PAYMENT,217588006414,5200.0,,1278400.29
10-10-2024,10-10-2024,ATM WDL/8984/INDIRANAGAR,105503011981,49.0,,1278351.29
10-10-2024,10-10-2024,POS/6011/BESCOM/PUNE,430484036996,249.0,,1278102.29
13-10-2024,13-10-2024,POS/5957/IRCTC/BANJARA HILLS,225436533948,1250.0,,1276852.29
13-10-2024,13-10-2024,IMPS/P2A/708270883798/KIRANREDDY/AXIS,708270883798,,1200.0,1278052.29
14-10-2024,14-10-2024,IMPS/P2A/613866992407/SURESHBABU/AXIS,613866992407,,4800.0,1282852.29
14-10-2024,14-10-2024,ATM WDL/4250/MANGALURU,398743814610,850.0,,1282002.29
14-10-2024,14-10-2024,UPI/P2A/200649654859/ayeshakhan115@ybl/PAY,200649654859,120.0,,1281882.29
15-10-2024,15-10-2024,IMPS/P2A/630488224122/RESHMAKHAN/AXIS,630488224122,,18500.0,1300382.29
16-10-2024,16-10-2024,BIL/INFT/114563164915/BESCOM/PAYMENT,114563164915,249.0,,1300133.29
16-10-2024,16-10-2024,POS/6425/AMAZON/MANGALURU,829036636663,3499.0,,1296634.29
16-10-2024,16-10-2024,NEFT-223700943742-BENGALURU METRO SERVICES-REIMB-680405-HDFC0015437,542601805673,,18500.0,1315134.29
16-10-2024,16-10-2024,POS/0808/AIRTEL/MARATHAHALLI,117930921762,699.0,,1314435.29
16-10-2024,16-10-2024,NEFT-401791715638-BENGALURU METRO SERVICES-REIMB-680405-HDFC0334255,296058936043,,24000.0,1338435.29
18-10-2024,18-10-2024,ATM WDL/6677/BTM LAYOUT,288499232527,249.0,,1338186.29
18-10-2024,18-10-2024,POS/3315/AIRTEL/JAYANAGAR,751411142525,850.0,,1337336.29
20-10-2024,20-10-2024,ATM WDL/6728/HSR LAYOUT,596635228168,699.0,,1336637.29
20-10-2024,20-10-2024,BIL/INFT/789696693120/FLIPKART/PAYMENT,789696693120,850.0,,1335787.29
21-10-2024,21-10-2024,POS/9358/SWIGGY/KUKATPALLY,957494242731,5200.0,,1330587.29
21-10-2024,21-10-2024,POS/9997/RELIANCE FRESH/PUNE,414979001119,1250.0,,1329337.29
23-10-2024,23-10-2024,ATM WDL/8010/INDIRANAGAR,309522724563,850.0,,1328487.29
23-10-2024,23-10-2024,ATM WDL/1372/KUKATPALLY,307192377169,1250.0,,1327237.29
24-10-2024,24-10-2024,IMPS/P2A/500848707550/RAMESHPILLAI/AXIS,500848707550,,1200.0,1328437.29
25-10-2024,25-10-2024,POS/0306/MEDPLUS/JAYANAGAR,226843498627,1250.0,,1327187.29
25-10-2024,25-10-2024,ATM WDL/6899/HYDERABAD,415790348321,2380.0,,1324807.29
26-10-2024,26-10-2024,POS/4228/JIO/MANGALURU,150618472523,449.0,,1324358.29
27-10-2024,27-10-2024,IMPS/P2A/916352157051/IMRANKHAN/AXIS,916352157051,,18500.0,1342858.29
27-10-2024,27-10-2024,UPI/P2A/027825269391/vikramnair501@oksbi/PAY,027825269391,699.0,,1342159.29
28-10-2024,28-10-2024,POS/6355/UBER/INDIRANAGAR,629451622008,120.0,,1342039.29
28-10-2024,28-10-2024,UPI/P2A/535933387708/rohitsharm31@okhdfcbank/PAY,535933387708,850.0,,1341189.29
28-10-2024,28-10-2024,POS/3775/BESCOM/JAYANAGAR,485587900525,699.0,,1340490.29
29-10-2024,29-10-2024,POS/9660/PVR CINEMAS/SECUNDERABAD,079106748844,699.0,,1339791.29
29-10-2024,29-10-2024,IMPS/P2A/503785330101/VENKATRAO/AXIS,503785330101,,500.0,1340291.29
01-11-2024,01-11-2024,NEFT/CR/428432123289/PAYROLL,254977967504,,61250.0,1401541.29
02-11-2024,02-11-2024,BIL/INFT/049866019561/JIO/PAYMENT,049866019561,850.0,,1400691.29
02-11-2024,02-11-2024,POS/7123/PVR CINEMAS/PUNE,880759261579,1250.0,,1399441.29
03-11-2024,03-11-2024,IMPS/P2A/521816215565/VENKATRAO/AXIS,521816215565,,7500.0,1406941.29
05-11-2024,05-11-2024,IMPS/P2A/687992253581/PRIYANAIR/AXIS,687992253581,,500.0,1407441.29
05-11-2024,05-11-2024,UPI/P2A/887895457254/vinaypatil31@oksbi/PAY,887895457254,5200.0,,1402241.29
06-11-2024,06-11-2024,IMPS/P2A/693646673907/BABULAL/AXIS,693646673907,,2500.0,1404741.29
06-11-2024,06-11-2024,POS/5027/FLIPKART/KUKATPALLY,426198281356,249.0,,1404492.29
07-11-2024,07-11-2024,NEFT DR-HDFC0773165-VIKRAM NAIR-391478878780-RENT,835854219960,26500.0,,1377992.29
08-11-2024,08-11-2024,ATM WDL/8752/HSR LAYOUT,785947453156,449.0,,1377543.29
09-11-2024,09-11-2024,POS/4965/AMAZON/MUMBAI,438228680075,7800.0,,1369743.29
09-11-2024,09-11-2024,BIL/INFT/903768959434/SWIGGY/PAYMENT,903768959434,79.0,,1369664.29
10-11-2024,10-11-2024,POS/5645/UBER/KORAMANGALA,862694617713,449.0,,1369215.29
10-11-2024,10-11-2024,ATM WDL/2479/WHITEFIELD,601496372903,249.0,,1368966.29
10-11-2024,10-11-2024,ATM WDL/1084/HSR LAYOUT,010444765035,850.0,,1368116.29
12-11-2024,12-11-2024,BIL/INFT/126458968497/UBER/PAYMENT,126458968497,310.0,,1367806.29
12-11-2024,12-11-2024,IMPS/P2A/405457845969/SUNILYADAV/AXIS,405457845969,,850.0,1368656.29
13-11-2024,13-11-2024,IMPS/P2A/358770395426/DIVYAMENON/AXIS,358770395426,,850.0,1369506.29
13-11-2024,13-11-2024,UPI/P2A/570035401246/sunilshett408@oksbi/PAY,570035401246,3499.0,,1366007.29
14-11-2024,14-11-2024,UPI/P2A/946770987676/meerapilla389@ybl/PAY,946770987676,249.0,,1365758.29
15-11-2024,15-11-2024,IMPS/P2A/810591524771/ARJUNMEHTA/AXIS,810591524771,,500.0,1366258.29
15-11-2024,15-11-2024,POS/5616/JIO/PUNE,330716061569,2380.0,,1363878.29
16-11-2024,16-11-2024,UPI/P2A/013620511081/ayeshakhan144@ybl/PAY,013620511081,1680.0,,1362198.29
17-11-2024,17-11-2024,IMPS/P2A/393679822148/AYESHAKHAN/AXIS,393679822148,,7500.0,1369698.29
18-11-2024,18-11-2024,IMPS/P2A/962321214537/CHANDANSHARMA/AXIS,962321214537,,850.0,1370548.29
20-11-2024,20-11-2024,POS/5080/BOOKMYSHOW/BTM LAYOUT,559124050556,2380.0,,1368168.29
21-11-2024,21-11-2024,BIL/INFT/737797779044/FLIPKART/PAYMENT,737797779044,1680.0,,1366488.29
25-11-2024,25-11-2024,POS/3167/AMAZON/JAYANAGAR,323119971901,999.0,,1365489.29
26-11-2024,26-11-2024,ATM WDL/2283/MYSURU,494886606177,999.0,,1364490.29
26-11-2024,26-11-2024,BIL/INFT/629546097416/IOCL/PAYMENT,629546097416,699.0,,1363791.29
28-11-2024,28-11-2024,POS/5557/APOLLO PHARMACY/MYSURU,624820905771,699.0,,1363092.29
28-11-2024,28-11-2024,IMPS/P2A/877261836827/CHANDANSHARMA/AXIS,877261836827,,850.0,1363942.29
